{
    "epoch": 2047.0,
    "epoch_time": 7.1432530879974365,
    "train_energy_mae": 0.1009389750610982,
    "train_forces_mae": 0.0460070393306718,
    "train_loss": 0.0886398555586795,
    "train_stress_mae": 6.631451878926334,
    "val_energy_mae": 0.1072937423197654,
    "val_forces_mae": 0.0483033591643191,
    "val_loss": 0.0957046962441181,
    "val_stress_mae": 6.698970003198641
}