{
    "mean": 1.463971429190749,
    "std": 1.0220531671933661,
    "max": 13.098718652562782,
    "min": 0.010354086333851549
}