{
    "density": 1156.2909829237901,
    "std": 26.93622513407046
}