{
    "density": 1157.7659936332332,
    "std": 27.624320297889646
}