{
    "rmse": 0.0004411540581455483,
    "mse": 1.9461690301828582e-07,
    "mae": 0.00029510471628832604,
    "max": 0.003810820335434916,
    "lp4": 3.2619357687674807e-06,
    "rrmse": 0.278381998764109
}