{
    "rmse": 4.890668270894439,
    "mse": 23.9186361359336,
    "mae": 3.6590632604958353,
    "max": 25.608351668546675,
    "lp4": 0.1569855375679098,
    "rrmse": 0.21307303924258653
}