{
    "rmse": 135.19453625002407,
    "mse": 18277.56263185907,
    "mae": 65.06429529696082,
    "max": 7811.316699276011,
    "lp4": 0.16363267304326146,
    "rrmse": 0.21303116320638196
}