{
    "rmse": 0.002197785741144669,
    "mse": 4.830262163978821e-06,
    "mae": 0.0020401432386852824,
    "max": 0.005889924404197008,
    "lp4": 4.817101934898522e-05,
    "rrmse": 0.5322860692091067
}