{
    "rmse": 0.0013433928282565847,
    "mse": 1.804704291011226e-06,
    "mae": 0.0008649094920715706,
    "max": 0.008294014607337658,
    "lp4": 7.687094781985103e-06,
    "rrmse": 0.3763846246412648
}