{
    "mean": -47626.46187985596,
    "std": 5.33615822531076,
    "max": -47620.11041235,
    "min": -47642.633357234
}