{
    "mean": 1.714309247932101,
    "std": 1.1533664378801465,
    "max": 12.347737030400081,
    "min": 0.0016931485359461449
}