{
    "mean": 1.712329428222279,
    "std": 1.1326114954763795,
    "max": 12.281547380987533,
    "min": 0.024539178765386433
}