{
    "epoch": 2047.0,
    "epoch_time": 0.9720947742462158,
    "train_energy_mae": 0.4197397009282212,
    "train_forces_mae": 0.0300479026493037,
    "train_loss": 0.0267403351323227,
    "train_stress_mae": 4.829995959104068,
    "val_energy_mae": 0.5931293049642742,
    "val_forces_mae": 0.0354121165735633,
    "val_loss": 0.0563292480948418,
    "val_stress_mae": 4.495284210885426
}