{
    "epoch": 2047.0,
    "epoch_time": 1.3579130172729492,
    "train_energy_mae": 0.3148055452212475,
    "train_forces_mae": 0.0261539220972179,
    "train_loss": 0.032488156308317,
    "train_stress_mae": 1.87518622679364,
    "val_energy_mae": 0.575783861997661,
    "val_forces_mae": 0.0536873781438111,
    "val_loss": 0.2975157937226525,
    "val_stress_mae": 2.2480831300836783
}