{
    "mean": 1.655922307875531,
    "std": 1.1029309644484904,
    "max": 12.281547380987533,
    "min": 0.0067675050810100425
}