{
    "density": 1144.470401774555,
    "std": 20.447657210340935
}