{
    "density": 1148.499248203734,
    "std": 25.387220729473544
}