{
    "rmse": 0.0005061191062503621,
    "mse": 2.561565497116653e-07,
    "mae": 0.0004021456075429178,
    "max": 0.0018538396164172188,
    "lp4": 5.83533191679525e-07,
    "rrmse": 0.17889014982922694
}