{
    "rmse": 72.52761518641536,
    "mse": 5260.254964628748,
    "mae": 72.51532633228214,
    "max": 75.73938828456448,
    "lp4": 0.33129873051787506,
    "rrmse": 3.7523388030935076
}