{
    "rmse": 185.49797465182542,
    "mse": 34409.49859992926,
    "mae": 157.7040532492349,
    "max": 589.8434633224442,
    "lp4": 0.013824610708708229,
    "rrmse": 0.18068564106522003
}