{
    "rmse": 0.01113659765741806,
    "mse": 0.00012402380738320943,
    "mae": 0.01094388978354377,
    "max": 0.014631285594318037,
    "lp4": 5.193478321985755e-05,
    "rrmse": 1.4767895997806706
}