{
    "rmse": 0.006449606629667281,
    "mse": 4.159742567744814e-05,
    "mae": 0.003909119843757991,
    "max": 0.015555787665728064,
    "lp4": 7.619700149776276e-06,
    "rrmse": 1.1251698528247458
}