{
    "rmse": 0.00017904975587088048,
    "mse": 3.2058815077421895e-08,
    "mae": 0.00014091164899301557,
    "max": 0.0007337585600762572,
    "lp4": 4.3760448747844373e-07,
    "rrmse": 0.04914604692135006
}