{
    "rmse": 0.5760652011820596,
    "mse": 0.3318511160129269,
    "mae": 0.47064198715426026,
    "max": 1.777586719399551,
    "lp4": 0.006861562616384782,
    "rrmse": 0.18067161709130028
}