{
    "rmse": 91.40188197050874,
    "mse": 8354.304027750812,
    "mae": 53.78506226729698,
    "max": 605.8668068475486,
    "lp4": 0.02170549427511344,
    "rrmse": 0.07760241274091875
}