{
    "rmse": 0.0030312196832534936,
    "mse": 9.18829276814341e-06,
    "mae": 0.0030279924023901145,
    "max": 0.003489980397839376,
    "lp4": 2.8728610737623174e-05,
    "rrmse": 0.8974443852681758
}