{
    "rmse": 0.0017592109228643466,
    "mse": 3.0948230711252257e-06,
    "mae": 0.0010997507730565361,
    "max": 0.003779288900083517,
    "lp4": 4.2257338271233086e-06,
    "rrmse": 0.23966778298929428
}