{
    "density": 1188.838453792172,
    "std": 17.584099869892363
}