{
    "epoch": 2047.0,
    "epoch_time": 2.217482089996338,
    "train_energy_mae": 0.686913691556301,
    "train_forces_mae": 0.0495039117270178,
    "train_loss": 0.0892287071022139,
    "train_stress_mae": 4.633694702607033,
    "val_energy_mae": 0.6971910437626191,
    "val_forces_mae": 0.0588333647637261,
    "val_loss": 0.1853434659293335,
    "val_stress_mae": 4.017420526232961
}