{
    "rmse": 0.00014045966176241383,
    "mse": 1.97289165824117e-08,
    "mae": 0.00011045535932231834,
    "max": 0.0011391516129579055,
    "lp4": 2.2960998868378213e-07,
    "rrmse": 0.03933093768076069
}