{
    "rmse": 0.0001913304144144523,
    "mse": 3.6607327480006054e-08,
    "mae": 0.00015116685449402049,
    "max": 0.0007693090521876675,
    "lp4": 4.657166963542078e-07,
    "rrmse": 0.052516874309926326
}