{
    "rmse": 1.2060328127012503,
    "mse": 1.4545151453120893,
    "mae": 0.5953406517133494,
    "max": 32.06058671933715,
    "lp4": 0.032031409975643126,
    "rrmse": 0.3475379599052263
}