{
    "rmse": 0.707459755050345,
    "mse": 0.5004993050158941,
    "mae": 0.5912438088456402,
    "max": 2.0335075210605282,
    "lp4": 0.00822972562666197,
    "rrmse": 0.22188095672101785
}