{
    "rmse": 87.23543862210911,
    "mse": 7610.021751591767,
    "mae": 46.0636395623808,
    "max": 4055.7680717179715,
    "lp4": 0.015918508326695138,
    "rrmse": 0.07413970689709115
}