{
    "rmse": 92.80559656806514,
    "mse": 8612.878754354464,
    "mae": 55.722821980795224,
    "max": 647.4427135982091,
    "lp4": 0.021781830251190234,
    "rrmse": 0.07879420045055445
}