{
    "rmse": 0.002661137422152047,
    "mse": 7.081652379578042e-06,
    "mae": 0.0026570736928259475,
    "max": 0.0030839565881025923,
    "lp4": 1.4991281418423859e-05,
    "rrmse": 0.806370314706315
}