{
    "rmse": 0.004067346805050053,
    "mse": 1.6543310032550875e-05,
    "mae": 0.004064838125034265,
    "max": 0.004562019685352272,
    "lp4": 3.8514067366204484e-05,
    "rrmse": 1.2042075252073918
}