{
    "rmse": 0.0015428155138496281,
    "mse": 2.380279709775092e-06,
    "mae": 0.0009556927452972253,
    "max": 0.0033437373535592004,
    "lp4": 2.202771057743145e-06,
    "rrmse": 0.213796034290162
}