{
    "rmse": 0.002356065365179193,
    "mse": 5.551044004996964e-06,
    "mae": 0.0014517316725287989,
    "max": 0.004855772943603848,
    "lp4": 5.653260159560436e-06,
    "rrmse": 0.32098081890655783
}