{
    "rmse": 40.35674140553071,
    "mse": 1628.6665768728772,
    "mae": 13.07085308295804,
    "max": 451.9280268904268,
    "lp4": 0.02396482627860702,
    "rrmse": 0.9204346116941905
}