{
    "rmse": 36.23216389293628,
    "mse": 1312.7697003645953,
    "mae": 13.283194492797717,
    "max": 297.24313755328876,
    "lp4": 0.019683167961212594,
    "rrmse": 0.8927830920143279
}