{
    "rmse": 68.03785444337777,
    "mse": 4629.14963725826,
    "mae": 42.09243597927844,
    "max": 758.3763739817423,
    "lp4": 0.032436743014017784,
    "rrmse": 0.06507003981591473
}