{
    "all": {
        "vib": 5.563776294096841e-07,
        "rot": 0.00013440959830766697,
        "trans": 0.00020902144369635116
    },
    "trans": {
        "vib": 8.840753324449528e-07,
        "rot": 0.00013082707297715665,
        "trans": 0.000597719043840696
    },
    "rot": {
        "vib": 1.0065988413506729e-06,
        "rot": 0.00034908045885425167,
        "trans": 0.00018860378400304778
    },
    "vib": {
        "vib": 1.0929127911154996e-06,
        "rot": 0.00012943804219177753,
        "trans": 0.0002061803567427409
    }
}