{
    "mean": -47606.6598813762,
    "std": 5.882541220148657,
    "max": -47583.31840114858,
    "min": -47620.98860908165
}