{
    "rmse": 0.00018728694618363187,
    "mse": 3.5076400210790625e-08,
    "mae": 0.0001477849241152068,
    "max": 0.0007732573330792346,
    "lp4": 4.566054886134003e-07,
    "rrmse": 0.05140701253753613
}