{
    "rmse": 0.8652435445717247,
    "mse": 0.7486463914230421,
    "mae": 0.7459883744868566,
    "max": 2.1448811886657495,
    "lp4": 0.009723255907823376,
    "rrmse": 0.2713667655237816
}