{
    "rmse": 91.99122634149407,
    "mse": 8462.385723811993,
    "mae": 54.699447053093856,
    "max": 644.7049322929552,
    "lp4": 0.02172629892033282,
    "rrmse": 0.0781027803935071
}