{
    "rmse": 0.004034696589321513,
    "mse": 1.627877656788265e-05,
    "mae": 0.004032097411176752,
    "max": 0.004532822435444048,
    "lp4": 3.820705904245539e-05,
    "rrmse": 1.1945408709080496
}