{
    "rmse": 0.0023369499900878655,
    "mse": 5.461335256171674e-06,
    "mae": 0.0014387016247467516,
    "max": 0.004880392455027247,
    "lp4": 5.607612434849561e-06,
    "rrmse": 0.3183766174946612
}