{
    "rmse": 0.000163541270445585,
    "mse": 2.674574713895597e-08,
    "mae": 0.00012959425434584516,
    "max": 0.0006141899418202019,
    "lp4": 3.945022897644709e-07,
    "rrmse": 0.04488923713859736
}