{
    "rmse": 0.00017019334215500923,
    "mse": 2.896577371389204e-08,
    "mae": 0.0001329458584599102,
    "max": 0.0007099391270001115,
    "lp4": 1.4170731833756532e-06,
    "rrmse": 0.04932301860700393
}