{
    "rmse": 0.00015922776637606982,
    "mse": 2.535348158511227e-08,
    "mae": 0.0001267101179208166,
    "max": 0.0005926276472868128,
    "lp4": 3.822438356505371e-07,
    "rrmse": 0.04370525522047232
}