{
    "rmse": 7.342939190137117e-05,
    "mse": 5.391875595005153e-09,
    "mae": 5.8284956964112255e-05,
    "max": 0.0002855938182939853,
    "lp4": 1.779823382290711e-07,
    "rrmse": 0.020155092210197734
}