{
    "rmse": 0.00016036616743110316,
    "mse": 2.571730765654061e-08,
    "mae": 0.0001278936720261203,
    "max": 0.0005684550125356225,
    "lp4": 3.855302570089174e-07,
    "rrmse": 0.04401772652987934
}