{
    "rmse": 0.00014813360299723873,
    "mse": 2.1943564336943533e-08,
    "mae": 0.00011650200956336139,
    "max": 0.0011908972931865373,
    "lp4": 2.352938914333383e-07,
    "rrmse": 0.0414797631918405
}