{
    "rmse": 7.470056776132909,
    "mse": 55.80174823864919,
    "mae": 7.456306046113663,
    "max": 8.531779535318492,
    "lp4": 0.07090248983070044,
    "rrmse": 2.342837641882176
}