{
    "rmse": 1.6977488248369357,
    "mse": 2.882351072235196,
    "mae": 1.636038362487743,
    "max": 2.869718057307182,
    "lp4": 0.017043732873253285,
    "rrmse": 0.5324658128432987
}