{
    "rmse": 1.3426722963623896,
    "mse": 1.8027688954190528,
    "mae": 0.7719525502190798,
    "max": 33.41419630715973,
    "lp4": 0.03338666781143498,
    "rrmse": 0.38691284829465117
}