{
    "rmse": 0.19710283285135363,
    "mse": 0.03884952671802865,
    "mae": 0.15835298700776185,
    "max": 0.5566317366610747,
    "lp4": 0.0023997375357019514,
    "rrmse": 0.06181746002268216
}