{
    "rmse": 0.4655402219904875,
    "mse": 0.21672769829095237,
    "mae": 0.375853940775451,
    "max": 1.296686300134752,
    "lp4": 0.019306027458928225,
    "rrmse": 0.04455777519239402
}