{
    "rmse": 1.9088408812195683,
    "mse": 3.6436735098150983,
    "mae": 1.8633169007622636,
    "max": 2.96963313469314,
    "lp4": 0.018818228872306456,
    "rrmse": 0.5986707200369985
}