{
    "rmse": 82.05964940270944,
    "mse": 6733.786060095592,
    "mae": 36.108196482657505,
    "max": 594.4555847935662,
    "lp4": 0.021374808610452614,
    "rrmse": 0.06967063089990663
}