{
    "rmse": 89.79334635674645,
    "mse": 8062.845049942632,
    "mae": 51.48855935586135,
    "max": 676.3785034548268,
    "lp4": 0.021707630394808258,
    "rrmse": 0.0762367270250828
}