{
    "rmse": 89.87164329358546,
    "mse": 8076.912268289466,
    "mae": 51.11915584691714,
    "max": 658.1942308469411,
    "lp4": 0.02182939089461324,
    "rrmse": 0.07630320302183406
}