{
    "rmse": 90.48625707544659,
    "mse": 8187.762719523808,
    "mae": 51.54513505373164,
    "max": 663.8187273092167,
    "lp4": 0.02200550496570018,
    "rrmse": 0.07682502501661129
}