{
    "rmse": 90.91187900130119,
    "mse": 8264.969743547228,
    "mae": 52.16801630781441,
    "max": 607.8436567039897,
    "lp4": 0.07369799096418277,
    "rrmse": 0.075458335170345
}