{
    "rmse": 88.22979353908191,
    "mse": 7784.4964679490195,
    "mae": 47.866874279311745,
    "max": 4036.2310742660716,
    "lp4": 0.015883516916158375,
    "rrmse": 0.0749847898503092
}