{
    "rmse": 0.0025776923467725785,
    "mse": 6.644497834609924e-06,
    "mae": 0.0025726463137138683,
    "max": 0.003204909837213891,
    "lp4": 1.453376995740693e-05,
    "rrmse": 0.7810850246140737
}