{
    "rmse": 0.0010377324770662912,
    "mse": 1.0768886939581406e-06,
    "mae": 0.001025445964497563,
    "max": 0.0015468614445603296,
    "lp4": 1.0038584110572994e-05,
    "rrmse": 0.30723843279942703
}