{
    "rmse": 0.00016623643851154614,
    "mse": 2.763455348900306e-08,
    "mae": 0.0001355766800585639,
    "max": 0.0004092774083257998,
    "lp4": 6.670372575765991e-06,
    "rrmse": 0.02970937535182217
}