{
    "rmse": 0.0001994115976225191,
    "mse": 3.976498526636547e-08,
    "mae": 0.00018161351805925485,
    "max": 0.00042334555391383526,
    "lp4": 2.146458029140719e-06,
    "rrmse": 0.05903921105830336
}