{
    "rmse": 0.001148179490107127,
    "mse": 1.3183161415026623e-06,
    "mae": 0.0011373930021784336,
    "max": 0.001568296870438515,
    "lp4": 1.105490406621529e-05,
    "rrmse": 0.3399381583490945
}