{
    "rmse": 0.0006782252445744023,
    "mse": 4.599894823780078e-07,
    "mae": 0.0006611962512852509,
    "max": 0.001103576305548911,
    "lp4": 6.696834803079975e-06,
    "rrmse": 0.20080017329431252
}