{
    "rmse": 0.00042435312488338286,
    "mse": 1.8007557459829192e-07,
    "mae": 0.00030363623698439286,
    "max": 0.001351565259034796,
    "lp4": 1.057069246714105e-06,
    "rrmse": 0.05781215391715819
}