{
    "rmse": 0.0001953901009354356,
    "mse": 3.817729154355971e-08,
    "mae": 0.00014970360282968328,
    "max": 0.0007938864784183888,
    "lp4": 1.6567146046784293e-06,
    "rrmse": 0.013368259081360414
}