{
    "rmse": 0.0006820234757622068,
    "mse": 4.6515602149076145e-07,
    "mae": 0.0004614400070612032,
    "max": 0.0018290858287144732,
    "lp4": 1.6652028092153572e-06,
    "rrmse": 0.09291612066416506
}