{
    "rmse": 0.0006199325605024785,
    "mse": 3.843163795711592e-07,
    "mae": 0.0004247160705277836,
    "max": 0.0018001557304079957,
    "lp4": 1.5197299472015294e-06,
    "rrmse": 0.08445710542576167
}