{
    "rmse": 0.00013655354511616917,
    "mse": 1.8646870683793647e-08,
    "mae": 9.996728881289539e-05,
    "max": 0.0005466734387781021,
    "lp4": 3.5453623570258333e-07,
    "rrmse": 0.01860350285003572
}