{
    "rmse": 0.0014955855628728117,
    "mse": 2.236776175873585e-06,
    "mae": 0.0009322931601853015,
    "max": 0.0036066405178614646,
    "lp4": 2.1371081922544016e-06,
    "rrmse": 0.20725113237031634
}