{
    "epoch": 2047.0,
    "epoch_time": 6.937032222747803,
    "train_energy_mae": 0.1051250331746414,
    "train_forces_mae": 0.0461538992344849,
    "train_loss": 0.0892204318255574,
    "train_stress_mae": 6.931748505113389,
    "val_energy_mae": 0.1104014644135022,
    "val_forces_mae": 0.0482186951620395,
    "val_loss": 0.0956637224301695,
    "val_stress_mae": 6.937927913385183
}