{
    "epoch": 2047.0,
    "epoch_time": 0.739403486251831,
    "train_energy_mae": 0.7661248319224114,
    "train_forces_mae": 0.0438747589888265,
    "train_loss": 0.0766392548845359,
    "train_stress_mae": 4.303104684821594,
    "val_energy_mae": 0.7370847582423385,
    "val_forces_mae": 0.0511073560634784,
    "val_loss": 0.3185492697322222,
    "val_stress_mae": 4.186989363700064
}