{
    "rmse": 0.0005251164774746711,
    "mse": 2.7574731491540673e-07,
    "mae": 0.0003597630193501246,
    "max": 0.005090151309422961,
    "lp4": 4.328130192703086e-06,
    "rrmse": 0.3313649095689324
}