{
    "rmse": 7.903501608265388,
    "mse": 62.465337671853575,
    "mae": 7.1680457716018315,
    "max": 21.806734344980214,
    "lp4": 0.17598698059212037,
    "rrmse": 0.3443339468255922
}