{
    "rmse": 143.365188127491,
    "mse": 20553.577166830884,
    "mae": 67.99287393376966,
    "max": 8622.223776022747,
    "lp4": 0.1873572832202821,
    "rrmse": 0.22590596955500672
}