{
    "rmse": 0.0028835534644039247,
    "mse": 8.314880582075877e-06,
    "mae": 0.0026636056908880346,
    "max": 0.008695108128331902,
    "lp4": 6.63931763821101e-05,
    "rrmse": 0.698373508476063
}