{
    "rmse": 0.00174567298644602,
    "mse": 3.047374175607366e-06,
    "mae": 0.0011369704708042625,
    "max": 0.011944472274044746,
    "lp4": 1.0355067030271274e-05,
    "rrmse": 0.4890933299104877
}