{
    "rmse": 0.0003865099890436066,
    "mse": 1.493899716304889e-07,
    "mae": 0.0003098043478225869,
    "max": 0.0016127162092576704,
    "lp4": 4.440990150394424e-07,
    "rrmse": 0.13420344404079682
}