{
    "rmse": 156.35830169008258,
    "mse": 24447.918507406885,
    "mae": 156.09916636616168,
    "max": 179.35799185332144,
    "lp4": 0.7162203164811216,
    "rrmse": 7.814038115512147
}