{
    "rmse": 175.85372342591373,
    "mse": 30924.53204275776,
    "mae": 146.65108260391324,
    "max": 562.7103524303784,
    "lp4": 0.013368254422280087,
    "rrmse": 0.1661482640134325
}