{
    "rmse": 0.01740518381566108,
    "mse": 0.0003029404236569505,
    "mae": 0.016969690768873707,
    "max": 0.025151876650010264,
    "lp4": 8.213202295997433e-05,
    "rrmse": 1.7583556074032314
}