{
    "rmse": 0.010056317973821928,
    "mse": 0.00010112953119061397,
    "mae": 0.005854508659279974,
    "max": 0.025667532346852397,
    "lp4": 1.2019761766036326e-05,
    "rrmse": 0.8194296026407886
}