{
    "mean": -47627.127399521334,
    "std": 5.334161528351887,
    "max": -47620.11041235,
    "min": -47642.633357234
}