{
    "epoch": 2047.0,
    "epoch_time": 6.187917947769165,
    "train_energy_mae": 0.1038585809749359,
    "train_forces_mae": 0.0457568166285755,
    "train_loss": 0.088513051169324,
    "train_stress_mae": 6.8662471222758015,
    "val_energy_mae": 0.1073581991997052,
    "val_forces_mae": 0.048154891433702,
    "val_loss": 0.0955035440470772,
    "val_stress_mae": 7.029775739812362
}