{
    "mean": -47623.388694286085,
    "std": 2.2163747018084843,
    "max": -47619.997739662,
    "min": -47642.487105616
}