{
    "mean": -47622.87381161906,
    "std": 1.0144927254085137,
    "max": -47620.11041235,
    "min": -47625.827745199
}