{
    "mean": -47622.919374581215,
    "std": 1.0078316481938716,
    "max": -47620.11041235,
    "min": -47625.827745199
}