{
    "mean": -47623.04634369458,
    "std": 0.9408971172767823,
    "max": -47620.68909717,
    "min": -47625.742005302
}