{
    "rmse": 0.0005590741121123713,
    "mse": 3.1256386283423626e-07,
    "mae": 0.0004581215497125107,
    "max": 0.0014052728881123865,
    "lp4": 4.277853302286695e-06,
    "rrmse": 0.1579415531851514
}