{
    "rmse": 75.7036567816989,
    "mse": 5731.043650121266,
    "mae": 75.70134188047494,
    "max": 77.89570267847739,
    "lp4": 2.3941066011233283,
    "rrmse": 21.614618855109995
}