{
    "rmse": 197.6580698095547,
    "mse": 39068.712560838794,
    "mae": 169.27884079221965,
    "max": 515.930789307642,
    "lp4": 0.10172995154326127,
    "rrmse": 0.16759452646173992
}