{
    "rmse": 0.012041811514431148,
    "mse": 0.00014500522454908657,
    "mae": 0.012041594299524661,
    "max": 0.01231624272325656,
    "lp4": 0.00038080928802043613,
    "rrmse": 3.943844212976115
}