{
    "rmse": 0.006974785925928463,
    "mse": 4.864763871252976e-05,
    "mae": 0.0043214065232614444,
    "max": 0.013488271997730327,
    "lp4": 5.5865629693000984e-05,
    "rrmse": 0.9930211185816122
}