{
    "density": 1034.0819484045178,
    "std": 39.645910972132775
}