{
    "density": 1033.9683728962807,
    "std": 41.29355000339801
}