{
    "epoch": 2047.0,
    "epoch_time": 0.9714400768280028,
    "train_energy_mae": 0.4263424000271698,
    "train_forces_mae": 0.0320365844109943,
    "train_loss": 0.0291174001028246,
    "train_stress_mae": 4.501732381713921,
    "val_energy_mae": 0.5953917020652094,
    "val_forces_mae": 0.0380137066284496,
    "val_loss": 0.0655118062228516,
    "val_stress_mae": 4.709372864377484
}