{
    "epoch": 2047.0,
    "epoch_time": 1.3566160202026367,
    "train_energy_mae": 0.3769465445187165,
    "train_forces_mae": 0.0270553127029437,
    "train_loss": 0.034768116735485,
    "train_stress_mae": 2.1993060868597207,
    "val_energy_mae": 0.640758235337186,
    "val_forces_mae": 0.0575160665398022,
    "val_loss": 0.3294994205987692,
    "val_stress_mae": 2.811740577907372
}