{
    "epoch": 2047.0,
    "epoch_time": 1.7031307220458984,
    "train_energy_mae": 0.5569009855149337,
    "train_forces_mae": 0.0336284254613932,
    "train_loss": 0.0319697306250714,
    "train_stress_mae": 5.406494182802476,
    "val_energy_mae": 0.4667330267554462,
    "val_forces_mae": 0.0366504643399286,
    "val_loss": 0.0869490366578563,
    "val_stress_mae": 5.025944695036697
}