{
    "density": 881.7901450746285,
    "std": 73.25232158038921
}