{
    "density": 1023.8563385198768,
    "std": 75.13478115313981
}