{
    "density": 1010.2319675372487,
    "std": 66.47337437697237
}