{
    "density": 1046.2289530669864,
    "std": 89.56077977280411
}