{
    "mean": -47627.52479581201,
    "std": 5.572232481968451,
    "max": -47604.724365452,
    "min": -47642.633357234
}