{
    "mean": 1.4866919442876632,
    "std": 1.0422737081378375,
    "max": 13.098718652562782,
    "min": 0.013358569855913906
}