{
    "epoch": 2047.0,
    "epoch_time": 1.788665533065796,
    "train_energy_mae": 0.3652269080033131,
    "train_forces_mae": 0.0364002493548984,
    "train_loss": 0.0342693569791284,
    "train_stress_mae": 5.638218812022482,
    "val_energy_mae": 0.5229944776958898,
    "val_forces_mae": 0.0388833648981081,
    "val_loss": 0.0888263205928025,
    "val_stress_mae": 5.059522244126717
}