{
    "mean": -47627.193323897256,
    "std": 5.865423363202743,
    "max": -47604.724365452,
    "min": -47642.633357234
}