{
    "rmse": 40.35920542582403,
    "mse": 1628.865462603864,
    "mae": 12.999871012488015,
    "max": 452.09189038357323,
    "lp4": 0.023975823684521398,
    "rrmse": 0.9204805884935616
}