{
    "rmse": 40.356754409562534,
    "mse": 1628.6676264737448,
    "mae": 13.071503304574982,
    "max": 451.92102238105275,
    "lp4": 0.023964774833978443,
    "rrmse": 0.9204246876682854
}