{
    "rmse": 36.30414622189521,
    "mse": 1317.991032900748,
    "mae": 13.318907989050325,
    "max": 290.34897890258435,
    "lp4": 0.019723625529233502,
    "rrmse": 0.8945319907838492
}