{
    "rmse": 36.23258017328659,
    "mse": 1312.799866013641,
    "mae": 13.28380795179582,
    "max": 297.18165867285467,
    "lp4": 0.019683574035161685,
    "rrmse": 0.8927686076280215
}