{
    "rmse": 68.01945061218659,
    "mse": 4626.645661583691,
    "mae": 41.70045978742288,
    "max": 615.4068393453999,
    "lp4": 0.032619732123514114,
    "rrmse": 0.06504312736306475
}