{
    "rmse": 68.0979614253506,
    "mse": 4637.33235028854,
    "mae": 42.21095800927484,
    "max": 742.47683823035,
    "lp4": 0.03242893384752638,
    "rrmse": 0.0651182027830225
}