{
    "all": {
        "vib": 6.271446580489947e-07,
        "rot": 0.00013457955520397807,
        "trans": 0.00021274327429233835
    },
    "trans": {
        "vib": 6.137575739382531e-07,
        "rot": 0.00013310764839360003,
        "trans": 0.0006018021465937603
    },
    "rot": {
        "vib": 9.729891012818765e-07,
        "rot": 0.00035366600211258976,
        "trans": 0.00019107494111497475
    },
    "vib": {
        "vib": 1.0015157097952206e-06,
        "rot": 0.0001293824197226184,
        "trans": 0.00021006547712469506
    }
}