{
    "all": {
        "vib": 5.551128215287418e-07,
        "rot": 0.00013416087488446352,
        "trans": 0.0002089617511820241
    },
    "trans": {
        "vib": 8.68832519630157e-07,
        "rot": 0.00013085200667966757,
        "trans": 0.0005976917006759224
    },
    "rot": {
        "vib": 9.547269578611875e-07,
        "rot": 0.0003491222352191622,
        "trans": 0.00018847398740125831
    },
    "vib": {
        "vib": 1.0170430851408797e-06,
        "rot": 0.0001291680773416326,
        "trans": 0.00020621525558062648
    }
}