{
    "rmse": 0.00019829040428613376,
    "mse": 3.931908443195837e-08,
    "mae": 0.00015688273613279982,
    "max": 0.0007520370259070193,
    "lp4": 4.818095367368675e-07,
    "rrmse": 0.05442727059693634
}