{
    "rmse": 0.0001651463740070038,
    "mse": 2.7273324847661177e-08,
    "mae": 0.00013109865697942064,
    "max": 0.0006555906291274144,
    "lp4": 2.563885091757632e-07,
    "rrmse": 0.04693951195285439
}