{
    "rmse": 0.00013903343090062724,
    "mse": 1.933029490799949e-08,
    "mae": 0.00010901933759034613,
    "max": 0.0011095698955302137,
    "lp4": 2.235638939369355e-07,
    "rrmse": 0.038931570371745015
}