{
    "rmse": 0.4994733725938064,
    "mse": 0.24947364993023138,
    "mae": 0.39671666618221507,
    "max": 1.5918544786400162,
    "lp4": 0.004006863317667299,
    "rrmse": 0.15343960506942883
}