{
    "rmse": 1.106740770332154,
    "mse": 1.2248751327154093,
    "mae": 0.3426393408336552,
    "max": 32.749063272902276,
    "lp4": 0.032716858942084856,
    "rrmse": 0.3189253438334552
}