{
    "rmse": 0.5945252784288036,
    "mse": 0.35346030669084655,
    "mae": 0.48442749655630907,
    "max": 1.9573727705574129,
    "lp4": 0.007140741893468936,
    "rrmse": 0.18646126034861882
}