{
    "rmse": 94.00102243855272,
    "mse": 8836.192219493292,
    "mae": 57.173216861339945,
    "max": 637.8719832957354,
    "lp4": 0.021879247028505456,
    "rrmse": 0.07980914598343397
}