{
    "rmse": 87.19744885200619,
    "mse": 7603.395086298235,
    "mae": 46.107539171507156,
    "max": 4042.714624362108,
    "lp4": 0.01587239999118572,
    "rrmse": 0.07410742012849107
}