{
    "rmse": 90.0845377351748,
    "mse": 8115.223938960134,
    "mae": 51.78122789446721,
    "max": 658.4734727593714,
    "lp4": 0.014022013151329714,
    "rrmse": 0.07640772656743978
}