{
    "rmse": 0.003549588058964097,
    "mse": 1.2599575388340505e-05,
    "mae": 0.00354638911718876,
    "max": 0.003985138327435057,
    "lp4": 3.363006771949796e-05,
    "rrmse": 1.050916200871704
}