{
    "rmse": 0.0025093285874456385,
    "mse": 6.296729959771923e-06,
    "mae": 0.0025047175396891133,
    "max": 0.0029626753497329497,
    "lp4": 1.4142404438523656e-05,
    "rrmse": 0.7603696321416357
}