{
    "rmse": 0.0032167907364250487,
    "mse": 1.0347742641950008e-05,
    "mae": 0.0032139793555187577,
    "max": 0.003692822493616443,
    "lp4": 1.9643800216090722e-05,
    "rrmse": 0.9257001880500823
}