{
    "rmse": 0.002058926309320498,
    "mse": 4.2391775472121275e-06,
    "mae": 0.0012816297071854333,
    "max": 0.004339061984060224,
    "lp4": 4.944368327821888e-06,
    "rrmse": 0.2804997953796951
}