{
    "rmse": 0.001864543073292846,
    "mse": 3.4765208721643307e-06,
    "mae": 0.0011551441296984517,
    "max": 0.004080261867591085,
    "lp4": 2.8856526768226075e-06,
    "rrmse": 0.259203408743181
}