{
    "rmse": 0.0014554175625911075,
    "mse": 2.1182402814986405e-06,
    "mae": 0.0009047333420266758,
    "max": 0.00361162782566019,
    "lp4": 2.078722907042263e-06,
    "rrmse": 0.20168484198205966
}