{
    "rmse": 0.00024326174891801169,
    "mse": 5.9176278486649766e-08,
    "mae": 0.0001945911729882518,
    "max": 0.0007309612507621459,
    "lp4": 1.9373584353740976e-06,
    "rrmse": 0.06724010264511751
}