{
    "rmse": 84.90237364149957,
    "mse": 7208.413049960801,
    "mae": 84.90140417052433,
    "max": 85.8881385117129,
    "lp4": 2.6849101616444484,
    "rrmse": 22.79305153898068
}