{
    "rmse": 71.27511432745425,
    "mse": 5080.141922391674,
    "mae": 29.16522489942839,
    "max": 446.9005332501881,
    "lp4": 0.06350860303485237,
    "rrmse": 0.058222824942804875
}