{
    "rmse": 0.006388205977422806,
    "mse": 4.080917560998047e-05,
    "mae": 0.006387660253482561,
    "max": 0.006548209115862843,
    "lp4": 0.0002020472667957755,
    "rrmse": 2.0623085948703785
}