{
    "rmse": 0.003696246043643038,
    "mse": 1.3662234815146811e-05,
    "mae": 0.002258669885858653,
    "max": 0.007091640494763851,
    "lp4": 2.9607756668166932e-05,
    "rrmse": 0.24769447160236338
}