{
    "mean": -47627.21131156038,
    "std": 5.805435437854946,
    "max": -47604.724365452,
    "min": -47642.633357234
}