{
    "rmse": 0.00022885005219742933,
    "mse": 5.237234639076613e-08,
    "mae": 0.00017746427554598626,
    "max": 0.0010327327375610658,
    "lp4": 2.7507670678007167e-07,
    "rrmse": 0.07946098689404404
}