{
    "rmse": 84.03861014882133,
    "mse": 7062.487995745576,
    "mae": 83.58384003387954,
    "max": 105.83134220042848,
    "lp4": 0.38748561912967877,
    "rrmse": 4.19984673521948
}