{
    "rmse": 63.44920559607923,
    "mse": 4025.8016907735323,
    "mae": 26.682494743973116,
    "max": 546.0222234862522,
    "lp4": 0.00838983067923239,
    "rrmse": 0.05994741059469924
}