{
    "rmse": 0.006304687218291193,
    "mse": 3.974908092048434e-05,
    "mae": 0.006025800985329936,
    "max": 0.010903899557888504,
    "lp4": 3.0678571100204515e-05,
    "rrmse": 0.6369299078146354
}