{
    "rmse": 0.003647199745908114,
    "mse": 1.3302065986552213e-05,
    "mae": 0.0021177784154233353,
    "max": 0.01154425647109747,
    "lp4": 4.4973533605639915e-06,
    "rrmse": 0.297188637662502
}