{
    "rmse": 0.00016660712226067333,
    "mse": 2.7757933187982953e-08,
    "mae": 0.00013257297143853475,
    "max": 0.0006594171651973482,
    "lp4": 2.5821706914627656e-07,
    "rrmse": 0.047354700058106554
}