{
    "rmse": 0.00013431459461033093,
    "mse": 1.804041032533754e-08,
    "mae": 0.00010499259542667941,
    "max": 0.0011517201570322463,
    "lp4": 2.2394967815501985e-07,
    "rrmse": 0.03761022121191797
}