{
    "rmse": 0.00019538999566017935,
    "mse": 3.817725040408491e-08,
    "mae": 0.00015420778606877253,
    "max": 0.0008021740443300398,
    "lp4": 4.765912252749825e-07,
    "rrmse": 0.05363115882493796
}