{
    "rmse": 1.1017920102195424,
    "mse": 1.2139456337836203,
    "mae": 0.33114803199079235,
    "max": 32.71668714089901,
    "lp4": 0.032684467320467044,
    "rrmse": 0.3174992781613736
}