{
    "rmse": 0.8666163086112068,
    "mse": 0.7510238263509144,
    "mae": 0.7431535840540892,
    "max": 2.311800814641174,
    "lp4": 0.009800513172620894,
    "rrmse": 0.27179730619589487
}