{
    "rmse": 0.8544883697348968,
    "mse": 0.7301503740122017,
    "mae": 0.7248249658679847,
    "max": 2.304703732515918,
    "lp4": 0.006355359310361595,
    "rrmse": 0.2625011966256887
}