{
    "rmse": 93.2154838419499,
    "mse": 8689.126427888823,
    "mae": 56.21244167026826,
    "max": 640.7286818782504,
    "lp4": 0.021820567375543637,
    "rrmse": 0.07914220467890849
}