{
    "rmse": 90.0794350899144,
    "mse": 8114.304626118102,
    "mae": 51.758560143384884,
    "max": 663.4793845233999,
    "lp4": 0.014025173618963266,
    "rrmse": 0.0764033986157887
}