{
    "rmse": 87.2681966298236,
    "mse": 7615.738143021556,
    "mae": 46.148834665801296,
    "max": 4079.7139926136324,
    "lp4": 0.015966223941324388,
    "rrmse": 0.07416754729233471
}