{
    "rmse": 0.00283870048447926,
    "mse": 8.058220440582786e-06,
    "mae": 0.002835492975575708,
    "max": 0.003271197566313999,
    "lp4": 1.7343779411979587e-05,
    "rrmse": 0.8168966487452262
}