{
    "rmse": 0.003729902192202567,
    "mse": 1.3912170363397516e-05,
    "mae": 0.0037269022913380147,
    "max": 0.004174819252823852,
    "lp4": 3.533170742649207e-05,
    "rrmse": 1.104301281258116
}