{
    "rmse": 0.003336276564036601,
    "mse": 1.1130741311739868e-05,
    "mae": 0.003332906741259572,
    "max": 0.0037772456274444005,
    "lp4": 1.877983981011755e-05,
    "rrmse": 1.0109490627935658
}