{
    "rmse": 0.0019308773949266243,
    "mse": 3.7282875142386267e-06,
    "mae": 0.0011774371535068532,
    "max": 0.004082816540461024,
    "lp4": 2.7538761314617227e-06,
    "rrmse": 0.2675718036473326
}