{
    "rmse": 0.0021623060309624515,
    "mse": 4.67556737153659e-06,
    "mae": 0.0013405830619668045,
    "max": 0.00456078142477988,
    "lp4": 5.191099511166952e-06,
    "rrmse": 0.29458383065366656
}