{
    "rmse": 0.0016473710612312715,
    "mse": 2.7138314133822457e-06,
    "mae": 0.001029870831961366,
    "max": 0.0037959523558757187,
    "lp4": 2.551302687482482e-06,
    "rrmse": 0.22901278101444622
}