{
    "rmse": 9.946794595405115e-05,
    "mse": 9.893872272318042e-09,
    "mae": 7.517032298716977e-05,
    "max": 0.00045527364966353474,
    "lp4": 3.9713926545318767e-07,
    "rrmse": 0.038319510222859954
}