{
    "rmse": 7.933827135391688e-05,
    "mse": 6.294561301427748e-09,
    "mae": 5.932736744087456e-05,
    "max": 0.00036671510224442006,
    "lp4": 3.200276198951309e-07,
    "rrmse": 0.03056465749895816
}