{
    "rmse": 0.6430815035111338,
    "mse": 0.41355382015814035,
    "mae": 0.5879509198731934,
    "max": 1.5335804863716476,
    "lp4": 0.010586111156378468,
    "rrmse": 0.029257071829284255
}