{
    "rmse": 0.9890098876332374,
    "mse": 0.9781405578363088,
    "mae": 0.8482069204985496,
    "max": 1.985086261818651,
    "lp4": 0.01682738878804427,
    "rrmse": 0.044995126067806444
}