{
    "rmse": 84.13874278698479,
    "mse": 7079.328037774386,
    "mae": 43.148452000319615,
    "max": 630.5066368638036,
    "lp4": 0.032616136269179835,
    "rrmse": 0.08336242556032443
}