{
    "rmse": 82.10484667479517,
    "mse": 6741.205847491623,
    "mae": 39.01824988122051,
    "max": 568.3032210695978,
    "lp4": 0.03252003355460462,
    "rrmse": 0.08134729545933049
}