{
    "rmse": 0.00029306438889234167,
    "mse": 8.588673603684167e-08,
    "mae": 0.00025540993029339636,
    "max": 0.0005440465780465742,
    "lp4": 4.952113018180512e-06,
    "rrmse": 0.02065384658369397
}