{
    "rmse": 0.000169233556476193,
    "mse": 2.8639996637580806e-08,
    "mae": 0.00015413953375468335,
    "max": 0.0003291929395733348,
    "lp4": 2.7730251993032607e-06,
    "rrmse": 0.011926812143512329
}