{
    "rmse": 0.00012586193565684582,
    "mse": 1.5841226847287995e-08,
    "mae": 9.256095239706258e-05,
    "max": 0.0006959080418177548,
    "lp4": 5.061345256988712e-07,
    "rrmse": 0.012209954258363749
}