{
    "rmse": 0.00019627221984936784,
    "mse": 3.852278428459858e-08,
    "mae": 0.00013750932967511621,
    "max": 0.0007062258654478692,
    "lp4": 7.896870042688484e-07,
    "rrmse": 0.01904050509029294
}