{
    "mean": 1.8233804984450694,
    "std": 1.1699256447635433,
    "max": 12.347737030400081,
    "min": 0.013187679230489328
}