{
    "mean": 1.8426706129276018,
    "std": 1.1785218903219419,
    "max": 10.554057152009994,
    "min": 0.03474205646454036
}