{
    "mean": 1.8492535078274408,
    "std": 1.182180825509176,
    "max": 12.776205115383162,
    "min": 0.03602451668277318
}