{
    "mean": 1.850981856594697,
    "std": 1.1865585957338463,
    "max": 12.281547380987533,
    "min": 0.024539178765386433
}