{
    "epoch": 2047.0,
    "epoch_time": 1.5524790287017822,
    "train_energy_mae": 0.3977697820809702,
    "train_forces_mae": 0.0351696341138326,
    "train_loss": 0.0352749406276596,
    "train_stress_mae": 5.109192160376014,
    "val_energy_mae": 0.494993043924453,
    "val_forces_mae": 0.0383630233603659,
    "val_loss": 0.1237499500723137,
    "val_stress_mae": 4.579088432907756
}