{
    "mean": 1.5718269261118765,
    "std": 1.053353978722137,
    "max": 12.281547380987533,
    "min": 0.0067675050810100425
}