{
    "density": 912.0246135205889,
    "std": 82.04590202530699
}