{
    "density": 1003.9841210679303,
    "std": 10.731766789292267
}