{
    "mean": 1.6434172260743898,
    "std": 1.093620715436136,
    "max": 12.281547380987533,
    "min": 0.0067675050810100425
}