{
    "mean": 1.681271621406812,
    "std": 1.1472388758885292,
    "max": 12.347737030400081,
    "min": 0.0016931485359461449
}