{
    "mean": 1.6783895079963957,
    "std": 1.1160859945851291,
    "max": 12.281547380987533,
    "min": 0.024539178765386433
}