{
    "mean": 1.6339109064628103,
    "std": 1.0861970775774386,
    "max": 12.281547380987533,
    "min": 0.0067675050810100425
}