{
    "mean": -47625.467939111615,
    "std": 4.925212882032394,
    "max": -47620.11041235,
    "min": -47642.633357234
}