{
    "mean": -47625.04122410125,
    "std": 4.706196823921744,
    "max": -47619.997739662,
    "min": -47643.980988472
}