{
    "mean": 1.465072616799842,
    "std": 1.026633735576522,
    "max": 13.195606769145076,
    "min": 0.0043402760994272
}