{
    "rmse": 0.00033883124328283013,
    "mse": 1.148066114245884e-07,
    "mae": 0.00026990287709157827,
    "max": 0.001338167300621234,
    "lp4": 8.20085009982857e-07,
    "rrmse": 0.09300328894503428
}