{
    "rmse": 0.00027420069482603395,
    "mse": 7.518602104307981e-08,
    "mae": 0.00021701334883013245,
    "max": 0.001057329610939621,
    "lp4": 6.664684872188629e-07,
    "rrmse": 0.07526332637674758
}