{
    "rmse": 0.00017210007971228715,
    "mse": 2.961843743697559e-08,
    "mae": 0.00013659398664569688,
    "max": 0.0006771134906651266,
    "lp4": 2.67590596532714e-07,
    "rrmse": 0.048915961959900486
}