{
    "rmse": 0.4878485753674165,
    "mse": 0.23799623248801785,
    "mae": 0.38909323242783883,
    "max": 1.4848407848039642,
    "lp4": 0.003858131122967359,
    "rrmse": 0.1498684351266418
}