{
    "rmse": 0.7854773363002723,
    "mse": 0.616974645841371,
    "mae": 0.6349439008326153,
    "max": 2.667841449176194,
    "lp4": 0.00980781730076105,
    "rrmse": 0.2463496497388443
}