{
    "rmse": 0.641155518636065,
    "mse": 0.4110803990774815,
    "mae": 0.5080263704392127,
    "max": 2.3867824511253275,
    "lp4": 0.008092250596569952,
    "rrmse": 0.20108592590091123
}