{
    "rmse": 106.2977354297129,
    "mse": 11299.208557485243,
    "mae": 70.15164175638944,
    "max": 948.3423034410471,
    "lp4": 0.02323915883969929,
    "rrmse": 0.09024935330000242
}