{
    "rmse": 119.38394459261332,
    "mse": 14252.526226492166,
    "mae": 82.47115931969392,
    "max": 1245.457013101759,
    "lp4": 0.02518439341314127,
    "rrmse": 0.10135986199829217
}