{
    "rmse": 90.64050371073732,
    "mse": 8215.700912936187,
    "mae": 52.62309471119266,
    "max": 655.2716585192265,
    "lp4": 0.014036930864317378,
    "rrmse": 0.0768792846983863
}