{
    "rmse": 0.0039989198215460405,
    "mse": 1.5991359739153817e-05,
    "mae": 0.003992588244023672,
    "max": 0.004691850261653757,
    "lp4": 3.793820318034708e-05,
    "rrmse": 1.1839485474481153
}