{
    "rmse": 0.0029461121555896383,
    "mse": 8.679576833313024e-06,
    "mae": 0.0029426722714425654,
    "max": 0.003441065536900779,
    "lp4": 1.800144652817349e-05,
    "rrmse": 0.8478066495170364
}