{
    "rmse": 0.001869664425551738,
    "mse": 3.4956450641737104e-06,
    "mae": 0.0018445250476059611,
    "max": 0.002972888985040936,
    "lp4": 1.814816499185505e-05,
    "rrmse": 0.553546102355108
}