{
    "rmse": 0.0017096229745788933,
    "mse": 2.9228107152079837e-06,
    "mae": 0.0010681291399415613,
    "max": 0.003894342567924777,
    "lp4": 2.6478985117276948e-06,
    "rrmse": 0.23766686274182203
}