{
    "rmse": 0.0023250030682619937,
    "mse": 5.4056392674276845e-06,
    "mae": 0.0014690591133948465,
    "max": 0.005217320630611912,
    "lp4": 5.5930705614340435e-06,
    "rrmse": 0.316749017170937
}