{
    "rmse": 0.0011313804103023108,
    "mse": 1.2800216328158252e-06,
    "mae": 0.0007870732586249962,
    "max": 0.0033120639818430674,
    "lp4": 2.7859703920161515e-06,
    "rrmse": 0.1541346925092858
}