{
    "mean": 1.847110231463662,
    "std": 1.1789834651750684,
    "max": 12.347737030400081,
    "min": 0.013187679230489328
}