{
    "mean": 1.8477734916708803,
    "std": 1.1819640426629447,
    "max": 12.15723454029478,
    "min": 0.03602451668277318
}