{
    "mean": 1.8424609889046508,
    "std": 1.1783305461628502,
    "max": 10.120406820710967,
    "min": 0.040024598877590904
}