{
    "mean": -47581.94986909161,
    "std": 6.218212503888144,
    "max": -47552.953739288,
    "min": -47598.140408592
}