{
    "rmse": 40.30213733178995,
    "mse": 1624.262273510457,
    "mae": 12.903444613914267,
    "max": 462.62282130097424,
    "lp4": 0.023956667921099985,
    "rrmse": 0.9191790248917399
}