{
    "rmse": 36.29849228040268,
    "mse": 1317.5805418304526,
    "mae": 13.257820004131975,
    "max": 292.6092836805169,
    "lp4": 0.019723033939694195,
    "rrmse": 0.8943926780037558
}