{
    "rmse": 66.18471417424621,
    "mse": 4380.416390326666,
    "mae": 39.41488793687498,
    "max": 612.7924328106345,
    "lp4": 0.032333053041574626,
    "rrmse": 0.06328867338355508
}