{
    "all": {
        "vib": 5.330747863914735e-07,
        "rot": 0.00013894953103891177,
        "trans": 0.00022030632051296692
    },
    "trans": {
        "vib": 7.445362841018583e-07,
        "rot": 0.00013588382281074765,
        "trans": 0.0006188048462747297
    },
    "rot": {
        "vib": 9.298344461305137e-07,
        "rot": 0.00035882921568408064,
        "trans": 0.00020192282123803607
    },
    "vib": {
        "vib": 9.616590506947607e-07,
        "rot": 0.0001347141864496429,
        "trans": 0.00021766803322442388
    }
}