{
    "mean": 1.469721171858101,
    "std": 1.034189376034267,
    "max": 13.11783911449036,
    "min": 0.004490888649144183
}