{
    "mean": -47626.76162023144,
    "std": 5.246462981297098,
    "max": -47620.11041235,
    "min": -47642.633357234
}