{
    "density": 998.7498715247411,
    "std": 52.17319448881796
}