{
    "rmse": 0.00013840292401721168,
    "mse": 1.915536937651407e-08,
    "mae": 0.00010613192727526824,
    "max": 0.0005734531619051499,
    "lp4": 5.4000122337867e-07,
    "rrmse": 0.05247758743497501
}