{
    "rmse": 6.040240292545887,
    "mse": 36.48450279169482,
    "mae": 5.18820367486,
    "max": 10.881584758200916,
    "lp4": 0.10567262663593044,
    "rrmse": 0.3618159991934857
}