{
    "rmse": 88.04046019537924,
    "mse": 7751.122631414157,
    "mae": 48.045334686279034,
    "max": 668.1151909442501,
    "lp4": 0.03357886095954589,
    "rrmse": 0.08614812886374801
}