{
    "rmse": 0.0008229211597047756,
    "mse": 6.771992350898528e-07,
    "mae": 0.0006817815248925691,
    "max": 0.0013595296070668403,
    "lp4": 1.3682379260446313e-05,
    "rrmse": 0.06427499574657912
}