{
    "rmse": 0.0004948620492013893,
    "mse": 2.448884477397982e-07,
    "mae": 0.0002990128205418466,
    "max": 0.001653281724688523,
    "lp4": 2.0739976015322196e-06,
    "rrmse": 0.05775433697244979
}