{
    "rmse": 0.0006296524522681302,
    "mse": 3.964622106472701e-07,
    "mae": 0.0004005018634419818,
    "max": 0.006511058292113049,
    "lp4": 5.490158836632727e-06,
    "rrmse": 0.39733037688909595
}