{
    "rmse": 7.7422362663690105,
    "mse": 59.942222404279555,
    "mae": 6.349211083243832,
    "max": 29.325951818580506,
    "lp4": 0.20633407261844994,
    "rrmse": 0.33730805698414695
}