{
    "rmse": 184.30777172421548,
    "mse": 33969.35471794553,
    "mae": 73.64042122967791,
    "max": 16087.278880826514,
    "lp4": 0.3484383636576624,
    "rrmse": 0.2904207528459121
}