{
    "rmse": 0.003950649411801299,
    "mse": 1.560763077496595e-05,
    "mae": 0.003622376023663186,
    "max": 0.013653374882897695,
    "lp4": 9.524493336733519e-05,
    "rrmse": 0.956815583458898
}