{
    "rmse": 0.0023662218413121345,
    "mse": 5.599005802302588e-06,
    "mae": 0.0014721296651487613,
    "max": 0.017880154630646444,
    "lp4": 1.4865097692745875e-05,
    "rrmse": 0.6629553923672771
}