{
    "rmse": 0.00013685643785787269,
    "mse": 1.872968458314577e-08,
    "mae": 0.00010496593737305676,
    "max": 0.0005583384415158675,
    "lp4": 5.351463189676167e-07,
    "rrmse": 0.05272323278879733
}