{
    "rmse": 2.27718759620728,
    "mse": 5.185583348320291,
    "mae": 2.205175859733676,
    "max": 3.814125697768759,
    "lp4": 0.035223124444432354,
    "rrmse": 0.10360092882042919
}