{
    "rmse": 87.11053824627147,
    "mse": 7588.245873555126,
    "mae": 48.005032207846305,
    "max": 675.902286672439,
    "lp4": 0.033081994365223806,
    "rrmse": 0.08630680135617502
}