{
    "rmse": 0.0006205886698629778,
    "mse": 3.8513029716230006e-07,
    "mae": 0.0005773623753593623,
    "max": 0.001073553762451373,
    "lp4": 1.0004558009298117e-05,
    "rrmse": 0.04373626979167785
}