{
    "rmse": 0.000383544587113301,
    "mse": 1.4710645030391252e-07,
    "mae": 0.0002591198935484423,
    "max": 0.0012447915132940378,
    "lp4": 1.5585649740539748e-06,
    "rrmse": 0.03720792819732625
}