{
    "rmse": 0.00017260675077992275,
    "mse": 2.9793090414802364e-08,
    "mae": 0.00013637969006134634,
    "max": 0.0006216570906457768,
    "lp4": 4.2032933623062953e-07,
    "rrmse": 0.04737755397381958
}