{
    "rmse": 1.5465653746073305,
    "mse": 2.3918644579343127,
    "mae": 1.4633909748191363,
    "max": 2.8338792203285266,
    "lp4": 0.015869243749407135,
    "rrmse": 0.48505007175292114
}