{
    "rmse": 90.59539045326515,
    "mse": 8207.524771379567,
    "mae": 52.757920289029244,
    "max": 646.3538408416816,
    "lp4": 0.021659924068393125,
    "rrmse": 0.07691768189901574
}