{
    "rmse": 0.0014449601034403066,
    "mse": 2.0879097005342215e-06,
    "mae": 0.001438570011946925,
    "max": 0.001859069951294992,
    "lp4": 1.3785172128571488e-05,
    "rrmse": 0.4278051303682366
}