{
    "rmse": 0.000851917243981407,
    "mse": 7.257629905928762e-07,
    "mae": 0.0005668278750572007,
    "max": 0.002330335725789265,
    "lp4": 2.063498358861254e-06,
    "rrmse": 0.11606176070287946
}