{
    "mean": -47627.711464169966,
    "std": 5.374664460434224,
    "max": -47620.11041235,
    "min": -47642.633357234
}