{
    "rmse": 40.31282006870095,
    "mse": 1625.1234618914582,
    "mae": 13.042066712604178,
    "max": 458.93988901593775,
    "lp4": 0.02393199364027765,
    "rrmse": 0.9086427221722537
}