{
    "rmse": 36.31046980890917,
    "mse": 1318.4502177437041,
    "mae": 13.33095118595748,
    "max": 289.40690822226486,
    "lp4": 0.01972209292912589,
    "rrmse": 0.8731457199740281
}