{
    "rmse": 66.33173670393207,
    "mse": 4399.899294159769,
    "mae": 39.90553620817719,
    "max": 546.473010407389,
    "lp4": 0.03219667930952801,
    "rrmse": 0.06385773973041112
}