{
    "all": {
        "vib": 5.270111119348209e-07,
        "rot": 0.00013483980457642452,
        "trans": 0.00021439147122487986
    },
    "trans": {
        "vib": 6.490771775402554e-07,
        "rot": 0.0001311723366191922,
        "trans": 0.000583052035477071
    },
    "rot": {
        "vib": 7.839023435302839e-07,
        "rot": 0.00035181126140099427,
        "trans": 0.00019809429348262127
    },
    "vib": {
        "vib": 7.905284545559925e-07,
        "rot": 0.0001313609299317237,
        "trans": 0.00021180984260843648
    }
}