{
    "rmse": 0.00011742917574813703,
    "mse": 1.3789611316886854e-08,
    "mae": 9.415515677396417e-05,
    "max": 0.00028463549725142655,
    "lp4": 5.16482225582338e-06,
    "rrmse": 0.08145042817533012
}