{
    "rmse": 0.0001687576254185501,
    "mse": 2.8479136136907666e-08,
    "mae": 0.00013319827046064708,
    "max": 0.0005979424042980228,
    "lp4": 4.1029201770688056e-07,
    "rrmse": 0.04632103594230327
}