{
    "rmse": 1.1146729481862347,
    "mse": 1.2424957814181925,
    "mae": 0.7633448753447738,
    "max": 3.004862545407377,
    "lp4": 0.30292710481173823,
    "rrmse": 0.1878189261591752
}