{
    "rmse": 2.1831071888272526,
    "mse": 4.765956997909229,
    "mae": 2.12765527735278,
    "max": 3.4619531169882976,
    "lp4": 0.021567511289568988,
    "rrmse": 0.6846889992308494
}