{
    "rmse": 87.74318602869616,
    "mse": 7698.866694466382,
    "mae": 52.36301590348736,
    "max": 578.6642414688312,
    "lp4": 0.17307968139108504,
    "rrmse": 0.1001179284176306
}