{
    "rmse": 90.21380296999574,
    "mse": 8138.530246309212,
    "mae": 52.31588351549189,
    "max": 639.0088650719877,
    "lp4": 0.021618565989977644,
    "rrmse": 0.07659370487868485
}