{
    "rmse": 0.0013851497044387437,
    "mse": 1.9186397037067387e-06,
    "mae": 0.0013843106902984115,
    "max": 0.0014437968443102422,
    "lp4": 0.0002466068132275296,
    "rrmse": 0.5398096901309476
}