{
    "rmse": 0.0015471957150995587,
    "mse": 2.3938145808224345e-06,
    "mae": 0.0015415363280919753,
    "max": 0.001965959025493083,
    "lp4": 1.4738821417900209e-05,
    "rrmse": 0.45807373022094494
}