{
    "rmse": 0.0008082921372988437,
    "mse": 6.533361792191327e-07,
    "mae": 0.0005361652645598814,
    "max": 0.0015604104093110381,
    "lp4": 3.6209552604870004e-05,
    "rrmse": 0.3852693893636979
}