{
    "rmse": 0.000909074985765413,
    "mse": 8.264173297443859e-07,
    "mae": 0.0005990611022022589,
    "max": 0.0024207226126718683,
    "lp4": 2.1979279466758553e-06,
    "rrmse": 0.12384870033359913
}