{
    "rmse": 0.0001764504244559181,
    "mse": 3.113475229067366e-08,
    "mae": 0.00013907402008504308,
    "max": 0.0006546656819024482,
    "lp4": 4.303600456843641e-07,
    "rrmse": 0.04843257561242516
}