{
    "rmse": 1.726020614726637,
    "mse": 2.979147162461318,
    "mae": 1.6528392464445205,
    "max": 3.141145998961292,
    "lp4": 0.01745599157423846,
    "rrmse": 0.5413327084428883
}