{
    "rmse": 90.88460106581955,
    "mse": 8260.010710893168,
    "mae": 53.27152273314377,
    "max": 621.1066662381118,
    "lp4": 0.02164440283609705,
    "rrmse": 0.07716322871753466
}