{
    "rmse": 0.0015266917107073226,
    "mse": 2.330787579542451e-06,
    "mae": 0.0015203641122444828,
    "max": 0.001928651214764177,
    "lp4": 1.4557047584591655e-05,
    "rrmse": 0.4520031693444149
}