{
    "rmse": 0.0008989237706677306,
    "mse": 8.080639454714907e-07,
    "mae": 0.0005958588916481968,
    "max": 0.0023767000596789673,
    "lp4": 2.175789787870807e-06,
    "rrmse": 0.12246573983381566
}