{
    "mean": 1.4698684084078588,
    "std": 1.0344521674506821,
    "max": 13.117771710092155,
    "min": 0.004481646751900081
}