{
    "mean": 1.4995610114448346,
    "std": 1.0561183766382778,
    "max": 13.195606769145076,
    "min": 0.0043402760994272
}