{
    "density": 990.6212892162544,
    "std": 21.5008684827742
}