{
    "density": 986.4601674228546,
    "std": 21.592258001311695
}