{
    "density": 1114.1066088417474,
    "std": 20.087056268777587
}