{
    "mean": -47627.46510341942,
    "std": 5.628063843710678,
    "max": -47604.724365452,
    "min": -47642.633357234
}