{
    "rmse": 0.00017904333838917076,
    "mse": 3.205651702153911e-08,
    "mae": 0.00014102639941360407,
    "max": 0.0006890331117279007,
    "lp4": 4.3708051750382305e-07,
    "rrmse": 0.0491442854341272
}