{
    "rmse": 0.6538155922414062,
    "mse": 0.42747482865798064,
    "mae": 0.5371624288537423,
    "max": 1.9962340688798577,
    "lp4": 0.007758594860940175,
    "rrmse": 0.20505651111605427
}