{
    "rmse": 91.31125162468892,
    "mse": 8337.744673267254,
    "mae": 53.766864651342786,
    "max": 617.5133341684682,
    "lp4": 0.021681368982238696,
    "rrmse": 0.07752546538106646
}