{
    "rmse": 0.0029350596063416824,
    "mse": 8.61457489277859e-06,
    "mae": 0.0029318522869463113,
    "max": 0.0032831416291833754,
    "lp4": 2.7818715165595076e-05,
    "rrmse": 0.8689745512973054
}