{
    "rmse": 0.0017039898712378162,
    "mse": 2.9035814812810693e-06,
    "mae": 0.0010676208997543316,
    "max": 0.0037666029973268123,
    "lp4": 4.093762814413906e-06,
    "rrmse": 0.23214469019487305
}