{
    "rmse": 0.0002024100856565492,
    "mse": 4.0969842775491577e-08,
    "mae": 0.00016054105458711884,
    "max": 0.0007394892940231074,
    "lp4": 4.921757008977397e-07,
    "rrmse": 0.05555805155190985
}