{
    "rmse": 0.00013458820788268214,
    "mse": 1.8113985701072062e-08,
    "mae": 0.00010527332013019696,
    "max": 0.001092616597918915,
    "lp4": 2.2031121313641415e-07,
    "rrmse": 0.037686837276832585
}