{
    "rmse": 0.00016905671167507998,
    "mse": 2.8580171762391122e-08,
    "mae": 0.0001341540635111522,
    "max": 0.0006844271575206637,
    "lp4": 2.627509017111824e-07,
    "rrmse": 0.048050946235405304
}