{
    "rmse": 0.0005636870317508741,
    "mse": 3.1774306976411086e-07,
    "mae": 0.00037922929464544717,
    "max": 0.006564038817635129,
    "lp4": 4.599210218244469e-06,
    "rrmse": 0.3612062419670478
}