{
    "rmse": 1.1679956082304985,
    "mse": 1.3642137408457322,
    "mae": 0.5062483513384877,
    "max": 32.342368398210965,
    "lp4": 0.0323117994838699,
    "rrmse": 0.3365769211150341
}