{
    "rmse": 4.516016477499976,
    "mse": 20.394404825051293,
    "mae": 3.3340311384981662,
    "max": 34.8069688664109,
    "lp4": 0.19352296686768658,
    "rrmse": 0.14316699534566768
}