{
    "rmse": 0.493715585801235,
    "mse": 0.24375507966305662,
    "mae": 0.3930792737445475,
    "max": 1.459866463119397,
    "lp4": 0.003910721536504903,
    "rrmse": 0.15167079700076605
}