{
    "rmse": 0.5115666365416282,
    "mse": 0.26170042362251433,
    "mae": 0.413295396298985,
    "max": 1.7528827383648604,
    "lp4": 0.006263214301493231,
    "rrmse": 0.1604429000124992
}