{
    "rmse": 465.9403020779077,
    "mse": 217100.36510045186,
    "mae": 66.4752686897531,
    "max": 77881.25351226078,
    "lp4": 1.4891846133489144,
    "rrmse": 0.5852970652026709
}