{
    "rmse": 94.5592652515476,
    "mse": 8941.454644912537,
    "mae": 57.85388082450104,
    "max": 638.2044863886058,
    "lp4": 0.0219202118842694,
    "rrmse": 0.08028310765960228
}