{
    "rmse": 86.94891180281212,
    "mse": 7560.113263693202,
    "mae": 45.84740798624707,
    "max": 4038.834060230976,
    "lp4": 0.01585574307949906,
    "rrmse": 0.07389619331205771
}