{
    "rmse": 90.26696768709704,
    "mse": 8148.125455423421,
    "mae": 52.050006086447354,
    "max": 660.1124207066096,
    "lp4": 0.014028808853389297,
    "rrmse": 0.07656245964633021
}