{
    "rmse": 0.0039081432203085026,
    "mse": 1.527358343044331e-05,
    "mae": 0.0039049448894692175,
    "max": 0.004347255647627016,
    "lp4": 3.7021046628797174e-05,
    "rrmse": 1.1570725834444386
}