{
    "rmse": 0.0025741485428567032,
    "mse": 6.6262407206912895e-06,
    "mae": 0.002569925293177541,
    "max": 0.0030471444214239564,
    "lp4": 1.450267589168629e-05,
    "rrmse": 0.7800111912016711
}