{
    "rmse": 0.0029317988217818056,
    "mse": 8.595444331401183e-06,
    "mae": 0.0029284870576738284,
    "max": 0.003429639994947241,
    "lp4": 1.791260633376555e-05,
    "rrmse": 0.8436876822346763
}