{
    "rmse": 0.001494631312329815,
    "mse": 2.233922759796745e-06,
    "mae": 0.0006180136663128049,
    "max": 0.013039549220409076,
    "lp4": 7.358476609621552e-05,
    "rrmse": 0.3504477776641741
}