{
    "rmse": 0.0014922670312642334,
    "mse": 2.2268608925981686e-06,
    "mae": 0.0009241110454540149,
    "max": 0.003465280912120655,
    "lp4": 2.130459040504503e-06,
    "rrmse": 0.20679126604721315
}