{
    "rmse": 0.0010307201316052575,
    "mse": 1.0623839896963592e-06,
    "mae": 0.0004978235682868612,
    "max": 0.017881030412644806,
    "lp4": 1.2260826598031711e-05,
    "rrmse": 0.23392489600029795
}