{
    "rmse": 0.0017010962001690123,
    "mse": 2.893728282229452e-06,
    "mae": 0.001061865465840788,
    "max": 0.0038178903293391384,
    "lp4": 2.63441758932577e-06,
    "rrmse": 0.2364814951178271
}