{
    "rmse": 0.00226542806541941,
    "mse": 5.132164319589929e-06,
    "mae": 0.0014037092769358507,
    "max": 0.00480259534769522,
    "lp4": 5.438834402557678e-06,
    "rrmse": 0.30863275966747905
}