{
    "mean": 1.7509332277016048,
    "std": 1.1499567022473407,
    "max": 12.281547380987533,
    "min": 0.024539178765386433
}