{
    "mean": 1.752903772585042,
    "std": 1.1580213968313189,
    "max": 12.347737030400081,
    "min": 0.0016931485359461449
}