{
    "rmse": 0.00017432041498347334,
    "mse": 3.038760708001036e-08,
    "mae": 0.0001376778237775333,
    "max": 0.0006481458604676062,
    "lp4": 4.2463839653825087e-07,
    "rrmse": 0.047847925022054184
}