{
    "rmse": 1.6124029983274788,
    "mse": 2.5998434290154435,
    "mae": 1.5350099302316667,
    "max": 2.994306754117133,
    "lp4": 0.01642593672002415,
    "rrmse": 0.5056987586004512
}