{
    "rmse": 90.75557500502077,
    "mse": 8236.57439449195,
    "mae": 53.024404866804645,
    "max": 631.2079284044326,
    "lp4": 0.021653658293004523,
    "rrmse": 0.07705368246521928
}