{
    "rmse": 0.0014254586073451485,
    "mse": 2.03193224125437e-06,
    "mae": 0.0014189262578651676,
    "max": 0.0018613817557675272,
    "lp4": 1.3603838666149548e-05,
    "rrmse": 0.42203137920410316
}