{
    "rmse": 0.0008412480931121332,
    "mse": 7.076983541648004e-07,
    "mae": 0.0005610755564205612,
    "max": 0.0022906037383287805,
    "lp4": 2.0386456903342386e-06,
    "rrmse": 0.11460823872778067
}