{
    "epoch": 2047.0,
    "epoch_time": 5.058436393737793,
    "train_energy_mae": 0.0955625264759617,
    "train_forces_mae": 0.0452043040995749,
    "train_loss": 0.0856035946235868,
    "train_stress_mae": 6.959597218744167,
    "val_energy_mae": 0.1017857485318018,
    "val_forces_mae": 0.048844116488775,
    "val_loss": 0.0992257650795378,
    "val_stress_mae": 7.33510673867084
}