{
    "rmse": 9.412201789163345e-05,
    "mse": 8.858954251992967e-09,
    "mae": 7.187141570174901e-05,
    "max": 0.00044446930048917463,
    "lp4": 3.735325505450064e-07,
    "rrmse": 0.035673928594650364
}