{
    "rmse": 8.103680831820398e-05,
    "mse": 6.566964302401334e-09,
    "mae": 6.119710047538869e-05,
    "max": 0.00032347853198488093,
    "lp4": 3.2430166450267706e-07,
    "rrmse": 0.030714400075977873
}