{
    "rmse": 2.9912074764401586,
    "mse": 8.947322167111503,
    "mae": 2.8410318089966107,
    "max": 4.353873406769708,
    "lp4": 0.04673079623565509,
    "rrmse": 0.18042005359392954
}