{
    "rmse": 2.687143512249276,
    "mse": 7.220740255423376,
    "mae": 2.5559242528593002,
    "max": 3.7037577919254545,
    "lp4": 0.04184153587210447,
    "rrmse": 0.1620798892464568
}