{
    "rmse": 82.04410522857117,
    "mse": 6731.235202756859,
    "mae": 39.0080879550954,
    "max": 563.9412128072177,
    "lp4": 0.03248333713847329,
    "rrmse": 0.08025896049166668
}