{
    "rmse": 83.6467573451789,
    "mse": 6996.780014363239,
    "mae": 42.324773641066685,
    "max": 621.7189692949937,
    "lp4": 0.03256198159726555,
    "rrmse": 0.08182674153517196
}