{
    "rmse": 0.0003088698767163786,
    "mse": 9.540060074279092e-08,
    "mae": 0.0002872768166980399,
    "max": 0.0005284031995033103,
    "lp4": 4.941434190006122e-06,
    "rrmse": 0.02426350400786407
}