{
    "rmse": 0.0002037264337493297,
    "mse": 4.1504459808220015e-08,
    "mae": 0.0001725407665518466,
    "max": 0.0004151663846503387,
    "lp4": 3.513535430914211e-06,
    "rrmse": 0.016003882263739683
}