{
    "rmse": 0.00020164115279275202,
    "mse": 4.065915449958996e-08,
    "mae": 0.00014370883141087164,
    "max": 0.0007150106017842668,
    "lp4": 7.88944684403438e-07,
    "rrmse": 0.02377020316173474
}