{
    "rmse": 0.0001428348145182913,
    "mse": 2.0401784238474675e-08,
    "mae": 0.0001018352119201804,
    "max": 0.0004984639367243901,
    "lp4": 5.714435805171184e-07,
    "rrmse": 0.01683789500627435
}