{
    "density": 685.2477562005104,
    "std": 101.56715054698786
}