{
    "density": 685.4649443218968,
    "std": 102.55065999473634
}