{
    "mean": -47607.20657791204,
    "std": 5.900849180981973,
    "max": -47583.90450972051,
    "min": -47621.58225741469
}