{
    "epoch": 499.0,
    "epoch_time": 16.127710103988647,
    "train_energy_mae": 0.185458396514219,
    "train_forces_mae": 0.0519664463528026,
    "train_loss": 0.1028605479248512,
    "train_stress_mae": 8.641800998656324,
    "val_energy_mae": 0.1178245115640311,
    "val_forces_mae": 0.0524298010888776,
    "val_loss": 0.1025834379305739,
    "val_stress_mae": 9.10737581722861
}