{
    "epoch": 2047.0,
    "epoch_time": 8.018667459487915,
    "train_energy_mae": 0.0982858370714613,
    "train_forces_mae": 0.0463205370564951,
    "train_loss": 0.0890950250059026,
    "train_stress_mae": 6.814686242134741,
    "val_energy_mae": 0.1047354793420454,
    "val_forces_mae": 0.0485662552875497,
    "val_loss": 0.0960107789848054,
    "val_stress_mae": 6.907376493680066
}