{
    "mean": -47627.43254187018,
    "std": 5.363311281252687,
    "max": -47620.11041235,
    "min": -47642.633357234
}