{
    "rmse": 4.890316930206548e-06,
    "mse": 2.3915199677864797e-11,
    "mae": 3.867853744205153e-06,
    "max": 1.5161155412592164e-05,
    "lp4": 3.8902365763969184e-08,
    "rrmse": 0.0013195409651708431
}