{
    "rmse": 1.8884286170854614,
    "mse": 3.5661626418273085,
    "mae": 1.8883904598641674,
    "max": 1.918488436669577,
    "lp4": 0.05971976962250711,
    "rrmse": 0.5083602094395817
}