{
    "rmse": 2.020972636009008,
    "mse": 4.084330395497199,
    "mae": 0.8543214246298764,
    "max": 12.85212313430111,
    "lp4": 0.001775404741055263,
    "rrmse": 0.0016228864001589917
}