{
    "rmse": 0.0003231681343661479,
    "mse": 1.0443764306969662e-07,
    "mae": 0.00032315046060830353,
    "max": 0.00033212779089808464,
    "lp4": 1.0220591889472027e-05,
    "rrmse": 0.10339647098647359
}