{
    "rmse": 0.0001866452862774111,
    "mse": 3.483646288957675e-08,
    "mae": 0.00011013780706821623,
    "max": 0.0003390135243535042,
    "lp4": 1.4951627927385465e-06,
    "rrmse": 0.015421344205094662
}