{
    "rmse": 0.00013827414644710618,
    "mse": 1.9119739575675763e-08,
    "mae": 0.00010579713203784373,
    "max": 0.0006107199894332411,
    "lp4": 5.419919028974945e-07,
    "rrmse": 0.05240837518506677
}