{
    "rmse": 5.900174429288756,
    "mse": 34.8120582960329,
    "mae": 4.683513371923098,
    "max": 11.295380950148683,
    "lp4": 0.10716465114193051,
    "rrmse": 0.3558796222362633
}