{
    "rmse": 87.81491683863891,
    "mse": 7711.459619377067,
    "mae": 47.83380044547918,
    "max": 620.7542281342753,
    "lp4": 0.03352263114216531,
    "rrmse": 0.08590420873621682
}