{
    "rmse": 0.0011810134285825439,
    "mse": 1.3947927184922954e-06,
    "mae": 0.001007770909631829,
    "max": 0.0018791555423428342,
    "lp4": 1.943592833681013e-05,
    "rrmse": 0.09277539254521387
}