{
    "rmse": 0.0006957374833511374,
    "mse": 4.840506457397742e-07,
    "mae": 0.0004042592836565062,
    "max": 0.0021013877591231425,
    "lp4": 2.8954851990757928e-06,
    "rrmse": 0.08201610185936722
}