{
    "rmse": 0.0007192442405744571,
    "mse": 5.173122775995276e-07,
    "mae": 0.0003778840000419363,
    "max": 0.009141584123724771,
    "lp4": 7.60883785938933e-06,
    "rrmse": 0.4538655954619637
}