{
    "rmse": 6.466765928633011,
    "mse": 41.819061575728774,
    "mae": 5.764684826087629,
    "max": 24.12109085015254,
    "lp4": 0.1586904257293013,
    "rrmse": 0.28173930313049933
}