{
    "rmse": 183.06687809616892,
    "mse": 33513.48185587757,
    "mae": 65.39498287878229,
    "max": 16210.946022157557,
    "lp4": 0.36287362562336267,
    "rrmse": 0.2884654296477226
}