{
    "rmse": 0.002289399200605233,
    "mse": 5.24134869973188e-06,
    "mae": 0.0018748051721898505,
    "max": 0.011656096763069716,
    "lp4": 7.393530873562648e-05,
    "rrmse": 0.5544741138897104
}