{
    "rmse": 0.0015048018177964456,
    "mse": 2.264428510843487e-06,
    "mae": 0.0008769564546298451,
    "max": 0.01876020896620009,
    "lp4": 1.3299004333785405e-05,
    "rrmse": 0.421607332894463
}