{
    "epoch": 1999.0,
    "epoch_time": 6.4727864265441895,
    "train_energy_mae": 0.4700789870485574,
    "train_forces_mae": 0.0398814458373313,
    "train_loss": 0.048907139177592,
    "train_stress_mae": 6.248454720275942,
    "val_energy_mae": 0.3054888708351791,
    "val_forces_mae": 0.0628271131425102,
    "val_loss": 0.170694573568018,
    "val_stress_mae": 7.535877414764008
}