{
    "epoch": 1999.0,
    "epoch_time": 5.75916600227356,
    "train_energy_mae": 0.6159869984732392,
    "train_forces_mae": 0.0383362796417069,
    "train_loss": 0.0428187966373077,
    "train_stress_mae": 5.496553487418287,
    "val_energy_mae": 0.4291497733985306,
    "val_forces_mae": 0.0648771965465855,
    "val_loss": 0.1820744407573528,
    "val_stress_mae": 6.893422105684578
}