{
    "mean": 1.557945142332105,
    "std": 1.0430780675160096,
    "max": 12.281547380987533,
    "min": 0.0067675050810100425
}