{
    "rmse": 0.0010317638773477936,
    "mse": 1.0645366985997528e-06,
    "mae": 0.0008067115183086772,
    "max": 0.010200709382928401,
    "lp4": 7.7740014229757e-06,
    "rrmse": 0.6595541652476072
}