{
    "rmse": 0.0009154735372608769,
    "mse": 8.380917974249423e-07,
    "mae": 0.0007023443666531955,
    "max": 0.010066346987070771,
    "lp4": 7.512034328007027e-06,
    "rrmse": 0.5927087053728133
}