{
    "rmse": 0.0010409256747093898,
    "mse": 1.0835262602691981e-06,
    "mae": 0.0008148470697781835,
    "max": 0.008550667585494751,
    "lp4": 7.165271378300059e-06,
    "rrmse": 0.6654108362783167
}