{
    "rmse": 0.00017085077180935976,
    "mse": 2.9189986227853915e-08,
    "mae": 0.00013557218280626766,
    "max": 0.0006983688066708391,
    "lp4": 2.6568982129422804e-07,
    "rrmse": 0.04856087149185443
}