{
    "rmse": 0.0003046129819191105,
    "mse": 9.278906875365234e-08,
    "mae": 0.00024258563630886866,
    "max": 0.0012556587807814185,
    "lp4": 7.348171547072477e-07,
    "rrmse": 0.08361097075745119
}