{
    "rmse": 0.0011415885383678724,
    "mse": 1.3032243909328954e-06,
    "mae": 0.0006046081801405392,
    "max": 0.014609959160090124,
    "lp4": 1.244398240591216e-05,
    "rrmse": 0.68355355836013
}