{
    "rmse": 0.000994541839396702,
    "mse": 9.891134703105754e-07,
    "mae": 0.000669988841018041,
    "max": 0.010185180928002488,
    "lp4": 7.757959633047256e-06,
    "rrmse": 0.6372946334629259
}