{
    "rmse": 0.0006893652819024192,
    "mse": 4.7522449189240186e-07,
    "mae": 0.0003960258356820435,
    "max": 0.00834123310009862,
    "lp4": 6.250769143708133e-06,
    "rrmse": 0.44173988187220925
}