{
    "rmse": 0.00013883327456211473,
    "mse": 1.9274678125639532e-08,
    "mae": 0.00010871619107904014,
    "max": 0.0011465689085484124,
    "lp4": 2.27250292725427e-07,
    "rrmse": 0.03887552341578864
}