{
    "rmse": 0.00020656535245307844,
    "mse": 4.266924483406452e-08,
    "mae": 0.0001631510569571805,
    "max": 0.000747805957699136,
    "lp4": 5.04310170484759e-07,
    "rrmse": 0.056698600088039786
}