{
    "rmse": 0.0035774448439122846,
    "mse": 1.2798111611234591e-05,
    "mae": 0.002845431581046977,
    "max": 0.01400257820603915,
    "lp4": 5.612895865726887e-06,
    "rrmse": 1.0168162396612863
}