{
    "rmse": 0.0002192112220461968,
    "mse": 4.8053559870986996e-08,
    "mae": 0.0001726151127843487,
    "max": 0.0007802917165636017,
    "lp4": 5.365848722293067e-07,
    "rrmse": 0.060169671564020186
}