{
    "rmse": 0.0009289769755976649,
    "mse": 8.629982211905846e-07,
    "mae": 0.0007161922908810036,
    "max": 0.009996044085069064,
    "lp4": 7.487327570821846e-06,
    "rrmse": 0.6015292562888509
}