{
    "rmse": 0.0010171854402059352,
    "mse": 1.034666219766942e-06,
    "mae": 0.0007657000864583524,
    "max": 0.005972667394284927,
    "lp4": 6.305157279731046e-06,
    "rrmse": 0.5975083193346193
}