{
    "rmse": 0.0008266422794514126,
    "mse": 6.833374581766272e-07,
    "mae": 0.0006876272834574626,
    "max": 0.0036839595288415405,
    "lp4": 4.414840756828937e-06,
    "rrmse": 0.6167437797452046
}