{
    "rmse": 0.0011077688634315503,
    "mse": 1.2271518547884286e-06,
    "mae": 0.0008523681356934948,
    "max": 0.008326058985833067,
    "lp4": 7.415660240224801e-06,
    "rrmse": 0.7139242948102088
}