{
    "rmse": 10.296347924075198,
    "mse": 106.01478057360762,
    "mae": 8.156234789848758,
    "max": 65.02542288490804,
    "lp4": 0.375176778749488,
    "rrmse": 0.32196102221320283
}