{
    "rmse": 6.62565383462954,
    "mse": 43.899288736341134,
    "mae": 4.489962036233451,
    "max": 22.310593409929425,
    "lp4": 0.21562677919506162,
    "rrmse": 0.5139819761688905
}