{
    "rmse": 0.5255271228608828,
    "mse": 0.27617875686243737,
    "mae": 0.4258091849300545,
    "max": 1.651409620710183,
    "lp4": 0.006474625354895682,
    "rrmse": 0.16482133431734025
}