{
    "rmse": 22.932912965706702,
    "mse": 525.9184970926786,
    "mae": 17.012074374632547,
    "max": 136.80948992157937,
    "lp4": 0.8857499950222688,
    "rrmse": 0.6581184288655694
}