{
    "rmse": 0.5019516598111987,
    "mse": 0.25195546878721736,
    "mae": 0.4008311148749948,
    "max": 1.5843010983080603,
    "lp4": 0.003999888784014885,
    "rrmse": 0.15420094177474813
}