{
    "rmse": 11.59863619440611,
    "mse": 134.52836157018743,
    "mae": 10.279717011385351,
    "max": 55.621800278371666,
    "lp4": 0.32707780546059523,
    "rrmse": 0.3626317635789343
}