{
    "rmse": 10.25430807157639,
    "mse": 105.1508340267967,
    "mae": 8.108888240473036,
    "max": 64.78510185680352,
    "lp4": 0.3746312628076532,
    "rrmse": 0.3206782858736651
}