{
    "rmse": 9.877371725993747,
    "mse": 97.56247221346068,
    "mae": 7.396304110682229,
    "max": 64.62965371174505,
    "lp4": 0.3752398442597405,
    "rrmse": 0.30881637017370195
}