{
    "rmse": 8.458088083116165,
    "mse": 71.53925402175167,
    "mae": 6.340853686241679,
    "max": 63.64075143754599,
    "lp4": 0.3530033055662674,
    "rrmse": 0.26813875973700885
}