{
    "rmse": 440.1640039934555,
    "mse": 193744.3504115507,
    "mae": 440.1289927772465,
    "max": 460.0262001005758,
    "lp4": 2.68365332283525,
    "rrmse": 135.21960257420898
}