{
    "rmse": 0.5500000491888949,
    "mse": 0.30250005410778674,
    "mae": 0.43834508294449187,
    "max": 2.040567486168584,
    "lp4": 0.0067849362003244715,
    "rrmse": 0.1724967904385664
}