{
    "rmse": 1.132569103032989,
    "mse": 1.2827127731449492,
    "mae": 0.38996026626090635,
    "max": 32.908155960496515,
    "lp4": 0.032876193683647824,
    "rrmse": 0.3263681977592092
}