{
    "rmse": 40.236118039918274,
    "mse": 1618.9451949222366,
    "mae": 39.17294733336293,
    "max": 47.955083313630894,
    "lp4": 0.8297461979222414,
    "rrmse": 1.2525309812465144
}