{
    "rmse": 7.735160113832535,
    "mse": 59.83270198662575,
    "mae": 5.20733789787203,
    "max": 45.633625860733446,
    "lp4": 0.27844613552092,
    "rrmse": 0.2452204586791308
}