{
    "rmse": 0.6857355931341004,
    "mse": 0.47023330369097643,
    "mae": 0.5525170068194857,
    "max": 2.7652857229986694,
    "lp4": 0.008605611411756458,
    "rrmse": 0.21506759695669367
}