{
    "rmse": 13.536907082826344,
    "mse": 183.24785336907405,
    "mae": 6.885317652003141,
    "max": 115.43267977386131,
    "lp4": 0.7089827733461832,
    "rrmse": 0.3374583488905569
}