{
    "rmse": 475.67140081253694,
    "mse": 226263.28155096117,
    "mae": 133.33701687577073,
    "max": 64447.84884860353,
    "lp4": 1.2956149679540294,
    "rrmse": 0.5857849409347121
}