{
    "rmse": 473.93081936761223,
    "mse": 224610.4215464563,
    "mae": 57.16711316142134,
    "max": 76318.77250533187,
    "lp4": 1.5103956731747732,
    "rrmse": 0.5953344590453123
}