{
    "rmse": 90.41113548844427,
    "mse": 8174.173420309828,
    "mae": 52.329122800741736,
    "max": 666.7066075551975,
    "lp4": 0.014024192989887349,
    "rrmse": 0.07668473960937505
}