{
    "rmse": 95.30250856201803,
    "mse": 9082.56813821352,
    "mae": 58.615994775762125,
    "max": 640.1670152340093,
    "lp4": 0.0220105676474109,
    "rrmse": 0.08091413924125684
}