{
    "rmse": 429.6522416888415,
    "mse": 184601.04878824667,
    "mae": 142.62914572919487,
    "max": 64330.83328562838,
    "lp4": 1.2615011943501744,
    "rrmse": 0.5371498199664543
}