{
    "rmse": 111.47555581451263,
    "mse": 12426.79954415452,
    "mae": 75.24698761444951,
    "max": 1062.1519457246304,
    "lp4": 0.02391980071144534,
    "rrmse": 0.09464544828116721
}