{
    "rmse": 491.04609894522986,
    "mse": 241126.2712893285,
    "mae": 62.956686804749545,
    "max": 88875.31472784978,
    "lp4": 1.6602688804484373,
    "rrmse": 0.6168340435676829
}