{
    "rmse": 441.0797489752401,
    "mse": 194551.34495606078,
    "mae": 101.29334762338615,
    "max": 76710.45439294516,
    "lp4": 1.4110080622100407,
    "rrmse": 0.5543948460650637
}