{
    "rmse": 964.842765453589,
    "mse": 930921.5620481293,
    "mae": 76.30207151098128,
    "max": 115433.46499107417,
    "lp4": 2.627591244681603,
    "rrmse": 0.8811686006896676
}