{
    "rmse": 452.4558854913337,
    "mse": 204716.32831574682,
    "mae": 80.81722531956898,
    "max": 79147.92386661228,
    "lp4": 1.4653937360976317,
    "rrmse": 0.568569089128651
}