{
    "rmse": 106.8545711498141,
    "mse": 11417.899375610685,
    "mae": 66.51015671622588,
    "max": 2892.3176030271766,
    "lp4": 0.07709364631262845,
    "rrmse": 0.8019976004011015
}