{
    "rmse": 443.5033244567754,
    "mse": 196695.19880421177,
    "mae": 101.53773977101353,
    "max": 77378.02351793129,
    "lp4": 1.4226612304253385,
    "rrmse": 0.5574457419215496
}