{
    "rmse": 1630.7843768359864,
    "mse": 2659457.6837323364,
    "mae": 1222.8115008233447,
    "max": 11937.857132282246,
    "lp4": 0.198012661704475,
    "rrmse": 1.3831954949032623
}