{
    "rmse": 87.20756824247377,
    "mse": 7605.159958765718,
    "mae": 45.95799079373546,
    "max": 4046.5647419924426,
    "lp4": 0.01589255958649137,
    "rrmse": 0.07411602040213093
}