{
    "rmse": 439.6216555225436,
    "mse": 193267.200004382,
    "mae": 92.30489858291139,
    "max": 76950.72029995652,
    "lp4": 1.4165982711741893,
    "rrmse": 0.5524412263313787
}