{
    "rmse": 97.55829811138122,
    "mse": 9517.621530389128,
    "mae": 61.1227822030366,
    "max": 660.4076839990303,
    "lp4": 0.022232027933807248,
    "rrmse": 0.08282935923336614
}