{
    "rmse": 0.008789983169231243,
    "mse": 7.726380411536854e-05,
    "mae": 0.008710798836321159,
    "max": 0.014151576514851934,
    "lp4": 0.0001769699315536604,
    "rrmse": 2.0888782248822304
}