{
    "rmse": 0.003994306195309959,
    "mse": 1.595448198189152e-05,
    "mae": 0.003990405937711995,
    "max": 0.004478839302930826,
    "lp4": 3.784925349995953e-05,
    "rrmse": 1.1825826045624273
}