{
    "rmse": 0.05978006641150789,
    "mse": 0.003573656340164294,
    "mae": 0.05968480362812418,
    "max": 0.07220354900693461,
    "lp4": 0.00036556864323135466,
    "rrmse": 17.202989952737525
}