{
    "rmse": 0.0037629543436484476,
    "mse": 1.4159825392382718e-05,
    "mae": 0.0037547524001068787,
    "max": 0.004554430392238648,
    "lp4": 3.574243030358105e-05,
    "rrmse": 1.1140869354949285
}