{
    "rmse": 0.0021729593468578974,
    "mse": 4.7217523230971e-06,
    "mae": 0.002050266175440157,
    "max": 0.005135349422131643,
    "lp4": 4.768417257741218e-05,
    "rrmse": 0.509496066206397
}