{
    "rmse": 0.0024407489005621417,
    "mse": 5.957255195595303e-06,
    "mae": 0.0024363054267504567,
    "max": 0.002894323379053579,
    "lp4": 1.3755851502678883e-05,
    "rrmse": 0.7395888099133779
}