{
    "rmse": 0.0030980614779907213,
    "mse": 9.597984921410051e-06,
    "mae": 0.0029028556734097054,
    "max": 0.009843207739844302,
    "lp4": 7.012221348234141e-05,
    "rrmse": 0.726405737035205
}