{
    "rmse": 0.0026934581738026504,
    "mse": 7.254716934024308e-06,
    "mae": 0.002689759794732324,
    "max": 0.0031819833484243044,
    "lp4": 1.646432621834248e-05,
    "rrmse": 0.7751000740461872
}