{
    "rmse": 0.008978607187132486,
    "mse": 8.061538702082714e-05,
    "mae": 0.008882084496058621,
    "max": 0.01661321314545612,
    "lp4": 0.00018218746739026212,
    "rrmse": 2.1337034078317174
}