{
    "rmse": 0.005349219931728379,
    "mse": 2.8614153878000163e-05,
    "mae": 0.00495378516629691,
    "max": 0.021145995011715917,
    "lp4": 0.00013820697122843176,
    "rrmse": 1.1276367982536184
}