{
    "rmse": 0.00682380827952359,
    "mse": 4.65643594356947e-05,
    "mae": 0.005998138581909588,
    "max": 0.03006085170191019,
    "lp4": 0.00020838815627023771,
    "rrmse": 1.456327069883469
}