{
    "rmse": 0.007032248387508883,
    "mse": 4.9452517383621284e-05,
    "mae": 0.006946953938907496,
    "max": 0.014550676858801384,
    "lp4": 0.00014377676153504802,
    "rrmse": 1.7020782635521512
}