{
    "rmse": 0.004612949777582727,
    "mse": 2.1279305650500533e-05,
    "mae": 0.00409505401679452,
    "max": 0.02424474094091421,
    "lp4": 0.0001479337034936652,
    "rrmse": 1.1120233840127938
}