{
    "rmse": 0.007207362178980246,
    "mse": 5.1946069578994876e-05,
    "mae": 0.007124235584122663,
    "max": 0.01475721751821697,
    "lp4": 0.00014708764686289553,
    "rrmse": 1.7419732686788314
}