{
    "rmse": 0.003368946812118307,
    "mse": 1.1349802622882103e-05,
    "mae": 0.003365101299611224,
    "max": 0.0038433486786626347,
    "lp4": 3.1933869818934714e-05,
    "rrmse": 0.997434272912067
}