{
    "rmse": 0.006171807139798456,
    "mse": 3.80912033708672e-05,
    "mae": 0.006131108931446513,
    "max": 0.008422277509087722,
    "lp4": 0.00013187967770226906,
    "rrmse": 1.9183010831714813
}