{
    "rmse": 0.03469894654980176,
    "mse": 0.0012040168916659995,
    "mae": 0.021694140570724874,
    "max": 0.07840631002071557,
    "lp4": 5.3800941165941866e-05,
    "rrmse": 4.823747627145024
}