{
    "rmse": 0.0051805528307371515,
    "mse": 2.6838127632058713e-05,
    "mae": 0.00337665155285336,
    "max": 0.016856517746806597,
    "lp4": 2.66276901800252e-05,
    "rrmse": 1.1763869217816982
}