{
    "rmse": 0.0028844850039978728,
    "mse": 8.320253738288608e-06,
    "mae": 0.0020131501929237343,
    "max": 0.030098177548945348,
    "lp4": 2.309655384489135e-05,
    "rrmse": 0.6620247036485457
}