{
    "rmse": 0.0015644260814228188,
    "mse": 2.4474289642359564e-06,
    "mae": 0.0009832256775668383,
    "max": 0.003630892511706294,
    "lp4": 2.4242619059122126e-06,
    "rrmse": 0.21748200877730173
}