{
    "rmse": 0.001431482424944424,
    "mse": 2.0491419329247686e-06,
    "mae": 0.0009317503803265131,
    "max": 0.012201973655361154,
    "lp4": 9.142843724561025e-06,
    "rrmse": 0.32487905020334107
}