{
    "rmse": 0.002316509059015633,
    "mse": 5.366214220501494e-06,
    "mae": 0.0014390819926877148,
    "max": 0.004957905018476498,
    "lp4": 5.563991517106083e-06,
    "rrmse": 0.3155918276956402
}