{
    "rmse": 0.004101789552885967,
    "mse": 1.682467753616446e-05,
    "mae": 0.002345812911058433,
    "max": 0.0392402146751997,
    "lp4": 3.4120997719401094e-05,
    "rrmse": 0.8731092422120763
}