{
    "rmse": 0.003657923625291498,
    "mse": 1.3380405248465694e-05,
    "mae": 0.0024440838334733638,
    "max": 0.010659019304121711,
    "lp4": 2.002856552401449e-05,
    "rrmse": 0.9594648713249044
}