{
    "rmse": 0.0014159895515118536,
    "mse": 2.0050264099907404e-06,
    "mae": 0.000881982085480147,
    "max": 0.003273175774870052,
    "lp4": 2.0223504162416454e-06,
    "rrmse": 0.19622109577713615
}