{
    "rmse": 0.0032515715450276753,
    "mse": 1.0572717512433664e-05,
    "mae": 0.00219132762176719,
    "max": 0.026579749336723878,
    "lp4": 2.1391747933412746e-05,
    "rrmse": 0.6837453395551134
}