{
    "rmse": 0.004260686367682625,
    "mse": 1.8153448323756565e-05,
    "mae": 0.0028790959472377348,
    "max": 0.016441233912078756,
    "lp4": 2.1976198052584692e-05,
    "rrmse": 0.9821976034440885
}