{
    "rmse": 0.005285483173013495,
    "mse": 2.79363323722088e-05,
    "mae": 0.003465326011138306,
    "max": 0.018283587961737357,
    "lp4": 2.7214986417790793e-05,
    "rrmse": 1.2002142402909477
}