{
    "rmse": 0.004164993479274329,
    "mse": 1.7347170682397678e-05,
    "mae": 0.0028223410797551442,
    "max": 0.016418409765292755,
    "lp4": 2.1547234195802378e-05,
    "rrmse": 0.9596266617231973
}