{
    "rmse": 0.0019560002008677723,
    "mse": 3.825936785794765e-06,
    "mae": 0.0012249893063819392,
    "max": 0.004249438378182124,
    "lp4": 4.700148879390943e-06,
    "rrmse": 0.2664775585324977
}