{
    "rmse": 0.0020465682928862304,
    "mse": 4.188441777447259e-06,
    "mae": 0.0014391145049344363,
    "max": 0.015524305430945677,
    "lp4": 1.2634327237913677e-05,
    "rrmse": 0.46447455559572465
}