{
    "rmse": 0.0021937937155107725,
    "mse": 4.81273086621456e-06,
    "mae": 0.0014059156589076925,
    "max": 0.005001293828580411,
    "lp4": 5.28514132111263e-06,
    "rrmse": 0.29887358548015147
}