{
    "rmse": 0.003780043057905256,
    "mse": 1.4288725519617717e-05,
    "mae": 0.0026246887385725673,
    "max": 0.02281573493278795,
    "lp4": 1.6355249994366498e-05,
    "rrmse": 1.433261193632907
}