{
    "rmse": 2.9734819297080812,
    "mse": 8.841594786300494,
    "mae": 2.3586280741990775,
    "max": 5.61661688608001,
    "lp4": 0.05399154885980636,
    "rrmse": 0.17811432714171782
}