{
    "rmse": 88.8977999159576,
    "mse": 7902.818829897631,
    "mae": 50.68207581896471,
    "max": 957.3021125148662,
    "lp4": 0.033309800597484326,
    "rrmse": 0.08698704102486675
}