{
    "rmse": 0.005787421067398066,
    "mse": 3.3494242611362974e-05,
    "mae": 0.004891822091672504,
    "max": 0.014259262067778018,
    "lp4": 0.00010394727918892477,
    "rrmse": 0.4520317166520836
}