{
    "rmse": 0.005045143512006245,
    "mse": 2.5453473056738704e-05,
    "mae": 0.0036312228262680266,
    "max": 0.02281573493278795,
    "lp4": 2.0613782546600813e-05,
    "rrmse": 0.5888083738427833
}