{
    "rmse": 0.0001607882549082101,
    "mse": 2.585286291642755e-08,
    "mae": 0.00012339751837270202,
    "max": 0.0012279794489132943,
    "lp4": 2.192666062274693e-07,
    "rrmse": 0.05548823978822808
}