{
    "rmse": 0.00015026694550271456,
    "mse": 2.258015491071579e-08,
    "mae": 0.0001156522163597404,
    "max": 0.0010597178010443254,
    "lp4": 1.9261297239661273e-07,
    "rrmse": 0.05311255011594745
}