{
    "rmse": 4.753290915683138,
    "mse": 22.593774529115848,
    "mae": 4.1946267588374075,
    "max": 25.85765994162648,
    "lp4": 0.03016894803717172,
    "rrmse": 0.2459195425006948
}