{
    "rmse": 4.3982824248484915,
    "mse": 19.344888288731124,
    "mae": 3.813917578080861,
    "max": 27.857716532045742,
    "lp4": 0.03432848832893569,
    "rrmse": 0.22728436851621714
}