{
    "rmse": 83.7464512189855,
    "mse": 7013.468091773919,
    "mae": 44.949939231195536,
    "max": 788.9415791611029,
    "lp4": 0.010739551382482008,
    "rrmse": 0.08038935696197877
}