{
    "rmse": 84.11210720909776,
    "mse": 7074.846579154755,
    "mae": 45.37892693416446,
    "max": 747.4343939998216,
    "lp4": 0.0101546508925707,
    "rrmse": 0.08193000511702778
}