{
    "rmse": 0.0010840713608775143,
    "mse": 1.175210715474826e-06,
    "mae": 0.0009942526537746641,
    "max": 0.002891539427816378,
    "lp4": 5.504969454855588e-06,
    "rrmse": 0.14375533357781006
}