{
    "rmse": 0.001326077825396788,
    "mse": 1.7584823990090742e-06,
    "mae": 0.0012590360010490687,
    "max": 0.0033024835228522564,
    "lp4": 6.948144334064939e-06,
    "rrmse": 0.176941407043518
}