{
    "rmse": 0.0007823130208465911,
    "mse": 6.12013662586119e-07,
    "mae": 0.0004966678053882211,
    "max": 0.003774936053735495,
    "lp4": 1.041305189281025e-06,
    "rrmse": 0.13321775988192694
}