{
    "rmse": 0.0006436746538966647,
    "mse": 4.143170600689911e-07,
    "mae": 0.00040677040176847806,
    "max": 0.0034448976978878124,
    "lp4": 8.260582574405033e-07,
    "rrmse": 0.11229263382676895
}