{
    "mean": 1.6095126692491093,
    "std": 1.074629914324211,
    "max": 12.281547380987533,
    "min": 0.0067675050810100425
}