{
    "density": 664.9126625545172,
    "std": 102.20534023422373
}