{
    "density": 691.5948015654487,
    "std": 99.55889371907247
}