{
    "mean": -47623.01610401716,
    "std": 0.9348312244327814,
    "max": -47620.68909717,
    "min": -47625.742005302
}