{
    "mean": -47622.961200642254,
    "std": 0.9868863925717931,
    "max": -47619.997739662,
    "min": -47626.00280358
}