{
    "mean": -47623.013433690256,
    "std": 1.0158170803841973,
    "max": -47620.378902345,
    "min": -47625.827745199
}