{
    "mean": -47622.97492377026,
    "std": 1.0568290891331562,
    "max": -47613.565452891,
    "min": -47637.282716968
}