{
    "epoch": 2047.0,
    "epoch_time": 6.391412973403931,
    "train_energy_mae": 0.1020941884947615,
    "train_forces_mae": 0.0453605468091282,
    "train_loss": 0.0869770834949669,
    "train_stress_mae": 6.706001309928516,
    "val_energy_mae": 0.109545253713215,
    "val_forces_mae": 0.0483938237322888,
    "val_loss": 0.0964215654874301,
    "val_stress_mae": 6.956967324603502
}