{
    "mean": -47581.41978186323,
    "std": 6.25771655164955,
    "max": -47552.953739288,
    "min": -47598.140408592
}