{
    "rmse": 0.00018469377811263237,
    "mse": 3.411179167351828e-08,
    "mae": 0.00014544815275260644,
    "max": 0.000791612976472054,
    "lp4": 4.523307568506917e-07,
    "rrmse": 0.05069523295943833
}