{
    "rmse": 0.8084207904811759,
    "mse": 0.6535441744822093,
    "mae": 0.6897718071494019,
    "max": 2.081164833129151,
    "lp4": 0.009180810255848543,
    "rrmse": 0.25354541674580494
}