{
    "rmse": 91.82815018288137,
    "mse": 8432.409166009817,
    "mae": 54.424927506005,
    "max": 648.3121652402497,
    "lp4": 0.021720269633302675,
    "rrmse": 0.07796432478300941
}