{
    "rmse": 0.003973437652974021,
    "mse": 1.5788206782071696e-05,
    "mae": 0.003970818830590638,
    "max": 0.00437114838406755,
    "lp4": 3.7628000351410544e-05,
    "rrmse": 1.1764041159983727
}