{
    "rmse": 0.002301488080720258,
    "mse": 5.296847385697417e-06,
    "mae": 0.0014168383983754697,
    "max": 0.00478088889492875,
    "lp4": 5.522662182584453e-06,
    "rrmse": 0.31354543034806054
}