{
    "mean": -47623.901492344965,
    "std": 3.214888283734245,
    "max": -47619.997739662,
    "min": -47643.980988472
}