{
    "mean": -47623.729759826674,
    "std": 2.956200222926729,
    "max": -47620.11041235,
    "min": -47634.652961119
}