{
    "epoch": 2047.0,
    "epoch_time": 1.7699480056762695,
    "train_energy_mae": 0.6524563286468037,
    "train_forces_mae": 0.0339510127009628,
    "train_loss": 0.0309018382860171,
    "train_stress_mae": 5.496341291733713,
    "val_energy_mae": 0.611827086416563,
    "val_forces_mae": 0.0404794916552499,
    "val_loss": 0.1492169525887439,
    "val_stress_mae": 5.185089783048335
}