{
    "rmse": 0.00014230307663397188,
    "mse": 2.0250165619494075e-08,
    "mae": 0.0001133710027423849,
    "max": 0.0005955128133644898,
    "lp4": 3.442475885988908e-07,
    "rrmse": 0.03905972195990609
}