{
    "rmse": 0.00015002012180770767,
    "mse": 2.2506036947199442e-08,
    "mae": 0.00011861898665752907,
    "max": 0.0005407325456332113,
    "lp4": 3.617569400548462e-07,
    "rrmse": 0.04117791677317407
}