{
    "rmse": 4.821500145506314,
    "mse": 23.246863653117405,
    "mae": 4.802041590008011,
    "max": 6.083651131571969,
    "lp4": 0.04595740375689122,
    "rrmse": 1.5121695014854062
}