{
    "rmse": 3.9940313667680765,
    "mse": 15.952286558727268,
    "mae": 3.970959041505179,
    "max": 5.190922056732234,
    "lp4": 0.03819211416101821,
    "rrmse": 1.252650054658149
}