{
    "rmse": 87.57180897174898,
    "mse": 7668.821726584495,
    "mae": 48.35792878359784,
    "max": 619.9222292371462,
    "lp4": 0.02156722864529002,
    "rrmse": 0.07435058795055499
}