{
    "rmse": 88.07540617976412,
    "mse": 7757.277173730432,
    "mae": 48.08803249136676,
    "max": 636.0997125172621,
    "lp4": 0.021765345812352788,
    "rrmse": 0.07477815418386488
}