{
    "rmse": 0.0011743062918853754,
    "mse": 1.3789952671615806e-06,
    "mae": 0.0011667926756464646,
    "max": 0.0016962866415477177,
    "lp4": 1.1247161754227735e-05,
    "rrmse": 0.34767344447515214
}