{
    "rmse": 0.0013400048445596133,
    "mse": 1.7956129834432333e-06,
    "mae": 0.0013334191237050672,
    "max": 0.0017820473058784408,
    "lp4": 1.279701419887872e-05,
    "rrmse": 0.3967313324817872
}