{
    "rmse": 0.0006927591606563961,
    "mse": 4.799152546733544e-07,
    "mae": 0.0004615660321512739,
    "max": 0.0018252792795470894,
    "lp4": 1.6846501141506184e-06,
    "rrmse": 0.09437870696579662
}