{
    "rmse": 0.000788063257673484,
    "mse": 6.21043698094944e-07,
    "mae": 0.0005210346695451976,
    "max": 0.002028934880680053,
    "lp4": 1.9089563404222547e-06,
    "rrmse": 0.10736255179361967
}