{
    "mean": -47627.58244031659,
    "std": 5.798592743807229,
    "max": -47604.724365452,
    "min": -47642.633357234
}