{
    "rmse": 0.0001776371137610207,
    "mse": 3.155494418534581e-08,
    "mae": 0.00014001607063665288,
    "max": 0.0006840110952295343,
    "lp4": 4.3397203799480795e-07,
    "rrmse": 0.048758301207447445
}