{
    "rmse": 0.6997896950371679,
    "mse": 0.48970561728021256,
    "mae": 0.5813615488248178,
    "max": 1.949136768176686,
    "lp4": 0.00817564648312847,
    "rrmse": 0.21947539196389573
}