{
    "rmse": 91.11087059156635,
    "mse": 8301.19073995315,
    "mae": 53.52408681033794,
    "max": 626.8103236709812,
    "lp4": 0.02166577070758527,
    "rrmse": 0.07735533702809834
}