{
    "rmse": 0.0030058320199897277,
    "mse": 9.035026132395527e-06,
    "mae": 0.0030027912408009936,
    "max": 0.0033760493007193547,
    "lp4": 2.8484923885664272e-05,
    "rrmse": 0.8899279337298659
}