{
    "rmse": 0.0017444856897236276,
    "mse": 3.043230321650521e-06,
    "mae": 0.001090815485113746,
    "max": 0.0038470818727168263,
    "lp4": 4.190099650334493e-06,
    "rrmse": 0.23766167676577768
}