{
    "rmse": 0.00040879237418299264,
    "mse": 1.6711120519016787e-07,
    "mae": 0.00029729706123218737,
    "max": 0.0029610412900069115,
    "lp4": 2.5838232606727354e-06,
    "rrmse": 0.25796076473366886
}