{
    "rmse": 5.1703188908898055,
    "mse": 26.73219743349199,
    "mae": 3.204819135473634,
    "max": 27.672384146484546,
    "lp4": 0.17638598804375114,
    "rrmse": 0.2252566518345706
}