{
    "rmse": 126.71507991894141,
    "mse": 16056.711478863708,
    "mae": 64.46242785077492,
    "max": 4235.505828638515,
    "lp4": 0.10864913521035943,
    "rrmse": 0.199669761956944
}