{
    "rmse": 0.0023363215364573596,
    "mse": 5.458398321714478e-06,
    "mae": 0.0021434326256911463,
    "max": 0.007451716317321076,
    "lp4": 5.409832968879412e-05,
    "rrmse": 0.5658383270799505
}