{
    "rmse": 0.001409459936439602,
    "mse": 1.986577312428327e-06,
    "mae": 0.0009077772694930062,
    "max": 0.008728752923241122,
    "lp4": 8.236284315746692e-06,
    "rrmse": 0.3948949540040246
}