{
    "rmse": 40.17149771427271,
    "mse": 1613.7492286078175,
    "mae": 12.925017621117686,
    "max": 442.4191863332863,
    "lp4": 0.030738523229089095,
    "rrmse": 0.922213218413032
}