{
    "rmse": 36.279046384311954,
    "mse": 1316.169206555058,
    "mae": 13.306056384132301,
    "max": 295.84264587476997,
    "lp4": 0.02537674847922561,
    "rrmse": 0.8852342068118934
}