{
    "rmse": 67.57326622612254,
    "mse": 4566.146308466433,
    "mae": 40.64500088782583,
    "max": 585.9322573811398,
    "lp4": 0.04210842635027924,
    "rrmse": 0.0613696541001827
}