{
    "all": {
        "vib": 4.891506334088038e-07,
        "rot": 0.00014397159188287573,
        "trans": 0.00022051046670381415
    },
    "trans": {
        "vib": 7.682940098483506e-07,
        "rot": 0.00014426109520708453,
        "trans": 0.0005921689900135821
    },
    "rot": {
        "vib": 7.44060704751533e-07,
        "rot": 0.00037867593798349955,
        "trans": 0.00020275833410112474
    },
    "vib": {
        "vib": 8.789940916647706e-07,
        "rot": 0.00015853854243060494,
        "trans": 0.00021760619818509295
    }
}