{
    "epoch": 499.0,
    "epoch_time": 6.585121393203735,
    "train_energy_mae": 0.1248667343304814,
    "train_forces_mae": 0.0520905595122461,
    "train_loss": 0.101582758600875,
    "train_stress_mae": 8.838488485479136,
    "val_energy_mae": 0.1132222531556908,
    "val_forces_mae": 0.0527101428647192,
    "val_loss": 0.1031181887141092,
    "val_stress_mae": 9.179273226481504
}