{
    "epoch": 2047.0,
    "epoch_time": 7.004259347915649,
    "train_energy_mae": 0.096197966580359,
    "train_forces_mae": 0.04647393148581,
    "train_loss": 0.0897038059194228,
    "train_stress_mae": 6.9201001691613815,
    "val_energy_mae": 0.1038529509181462,
    "val_forces_mae": 0.048531026313976,
    "val_loss": 0.0958031613203302,
    "val_stress_mae": 6.943500615060598
}