{
    "epoch": 2047.0,
    "epoch_time": 1.6264944076538086,
    "train_energy_mae": 0.5268257046318467,
    "train_forces_mae": 0.0459780746257397,
    "train_loss": 0.0971735710078029,
    "train_stress_mae": 3.91552488129948,
    "val_energy_mae": 0.717056636613854,
    "val_forces_mae": 0.0595802443935612,
    "val_loss": 0.243531005034735,
    "val_stress_mae": 4.137185045520609
}