{
    "epoch": 2047.0,
    "epoch_time": 1.043029546737671,
    "train_energy_mae": 0.3012733289371516,
    "train_forces_mae": 0.0328078044198648,
    "train_loss": 0.031104682736605,
    "train_stress_mae": 5.339875866838312,
    "val_energy_mae": 0.4201668830008202,
    "val_forces_mae": 0.035217675269594,
    "val_loss": 0.050565752439695,
    "val_stress_mae": 4.220492187986435
}