{
    "epoch": 2047.0,
    "epoch_time": 1.7049219608306885,
    "train_energy_mae": 0.40275122626349,
    "train_forces_mae": 0.0357845975575308,
    "train_loss": 0.0347823272045965,
    "train_stress_mae": 5.517222239278919,
    "val_energy_mae": 0.6356234682502873,
    "val_forces_mae": 0.0405492208574165,
    "val_loss": 0.1544131734029416,
    "val_stress_mae": 5.0948673634299615
}