{
    "rmse": 0.0001380963054821655,
    "mse": 1.9070589587823578e-08,
    "mae": 0.00010230497655031409,
    "max": 0.0006941212945847999,
    "lp4": 7.421087086819525e-07,
    "rrmse": 0.051020754458958505
}