{
    "rmse": 4.1458931297079245,
    "mse": 17.18842984295937,
    "mae": 3.9034586877268156,
    "max": 6.063447724096477,
    "lp4": 0.0848835927132599,
    "rrmse": 0.17366653388458367
}