{
    "rmse": 87.7524304974412,
    "mse": 7700.489058208249,
    "mae": 48.69045890548108,
    "max": 615.9320668571129,
    "lp4": 0.04276984064486179,
    "rrmse": 0.08180602429758392
}