{
    "rmse": 0.000788571313666488,
    "mse": 6.218447167376907e-07,
    "mae": 0.0007205683351111765,
    "max": 0.0014378289102179205,
    "lp4": 1.6791173079316083e-05,
    "rrmse": 0.049255172119378014
}