{
    "rmse": 0.0004757648177763049,
    "mse": 2.263521618337206e-07,
    "mae": 0.00030338782050668843,
    "max": 0.0017312976247167225,
    "lp4": 2.576151726113538e-06,
    "rrmse": 0.04013477110958331
}