{
    "density": 1017.9458531094913,
    "std": 41.535956656674834
}