{
    "density": 1019.4367005962622,
    "std": 38.66174023582039
}