{
    "epoch": 2047.0,
    "epoch_time": 1.3987629413604736,
    "train_energy_mae": 0.3064280185164736,
    "train_forces_mae": 0.0380827121724809,
    "train_loss": 0.0409677334630561,
    "train_stress_mae": 4.687841229891834,
    "val_energy_mae": 0.613169273838886,
    "val_forces_mae": 0.0405871045572774,
    "val_loss": 0.1120090869555575,
    "val_stress_mae": 4.269362143568409
}