{
    "epoch": 2047.0,
    "epoch_time": 1.2459776401519775,
    "train_energy_mae": 0.2257970810745973,
    "train_forces_mae": 0.0347344624710687,
    "train_loss": 0.0381938863216378,
    "train_stress_mae": 4.179186630025325,
    "val_energy_mae": 0.4147733607882805,
    "val_forces_mae": 0.0395025298311528,
    "val_loss": 0.1250023735585101,
    "val_stress_mae": 4.024580282310023
}