{
    "rmse": 0.0005929121309414892,
    "mse": 3.515447950175777e-07,
    "mae": 0.0003712325651466108,
    "max": 0.003626486843711455,
    "lp4": 5.909147848680815e-06,
    "rrmse": 0.43227872803380196
}