{
    "rmse": 0.0003459731252998405,
    "mse": 1.1969740342973914e-07,
    "mae": 0.00024415267349308485,
    "max": 0.0021805672898788696,
    "lp4": 2.238378295751316e-06,
    "rrmse": 0.24675995688627197
}