{
    "rmse": 0.000320286482165229,
    "mse": 1.0258343065777755e-07,
    "mae": 0.00025221303043600023,
    "max": 0.001571540672247262,
    "lp4": 5.3754496189967964e-06,
    "rrmse": 0.1483760714238043
}