{
    "rmse": 0.9607779970635356,
    "mse": 0.9230943596414193,
    "mae": 0.7735007146606222,
    "max": 2.045291143382201,
    "lp4": 0.07035093084963297,
    "rrmse": 0.019704779448707375
}