{
    "rmse": 4.236694144078865,
    "mse": 17.949577270472147,
    "mae": 2.6608561406094466,
    "max": 18.136624208738795,
    "lp4": 0.13170703454974633,
    "rrmse": 0.19570994009285114
}