{
    "rmse": 5.832825279764879,
    "mse": 34.02185074426424,
    "mae": 3.873449533378267,
    "max": 20.986657438537804,
    "lp4": 0.24126191784422582,
    "rrmse": 0.29782023380557293
}