{
    "rmse": 53.15548713776367,
    "mse": 2825.5058128529595,
    "mae": 33.93969225165712,
    "max": 503.6905005872195,
    "lp4": 0.07834305700059317,
    "rrmse": 0.029030816575338573
}