{
    "rmse": 62.47582958068198,
    "mse": 3903.2292817944176,
    "mae": 34.34152171622298,
    "max": 3469.980191181035,
    "lp4": 0.07091004827059262,
    "rrmse": 0.12196216399208043
}