{
    "rmse": 98.59607567934923,
    "mse": 9721.186139367961,
    "mae": 46.90918341932132,
    "max": 1573.5948119410773,
    "lp4": 0.0875404766743199,
    "rrmse": 0.5761362120480051
}