{
    "rmse": 0.003537581880194179,
    "mse": 1.2514485559078182e-05,
    "mae": 0.0033166876887192344,
    "max": 0.007498375689380728,
    "lp4": 0.0001040451541279589,
    "rrmse": 0.7787996277808866
}