{
    "rmse": 0.0033201590278513476,
    "mse": 1.1023455970222806e-05,
    "mae": 0.003307590524874183,
    "max": 0.004018536955198921,
    "lp4": 0.00019262241647490403,
    "rrmse": 0.5949749337364758
}