{
    "rmse": 0.003688132870450246,
    "mse": 1.360232407009557e-05,
    "mae": 0.003615995997511843,
    "max": 0.009489552858439772,
    "lp4": 7.575733161645863e-05,
    "rrmse": 0.7039819201417606
}