{
    "rmse": 0.0019434682282109426,
    "mse": 3.77706875406538e-06,
    "mae": 0.0013032883240237931,
    "max": 0.004670688326588818,
    "lp4": 2.840854337917355e-05,
    "rrmse": 0.30835693765828287
}