{
    "rmse": 0.002126743985856542,
    "mse": 4.523039981376973e-06,
    "mae": 0.0013363945644411486,
    "max": 0.0100210343502341,
    "lp4": 1.6253820759799743e-05,
    "rrmse": 0.5196957063294051
}