{
    "rmse": 0.0021572680470435123,
    "mse": 4.65380542679493e-06,
    "mae": 0.0013738197461960022,
    "max": 0.011102653828141608,
    "lp4": 1.1297985365754613e-05,
    "rrmse": 0.3737775466426812
}