{
    "density": 1107.791955911932,
    "std": 28.05726060677191
}