{
    "epoch": 1999.0,
    "epoch_time": 8.345074653625488,
    "train_energy_mae": 0.5305162394950841,
    "train_forces_mae": 0.0404423481205133,
    "train_loss": 0.0692296916331824,
    "train_stress_mae": 5.4796474143838285,
    "val_energy_mae": 0.3605829693777195,
    "val_forces_mae": 0.050385227230561,
    "val_loss": 0.117914628137163,
    "val_stress_mae": 6.716067532082271
}