{
    "epoch": 2047.0,
    "epoch_time": 1.865483522415161,
    "train_energy_mae": 0.5339184859529192,
    "train_forces_mae": 0.0442844728853984,
    "train_loss": 0.0922100074125593,
    "train_stress_mae": 3.82580073333312,
    "val_energy_mae": 0.6197864224955083,
    "val_forces_mae": 0.0560936786192788,
    "val_loss": 0.1959975662962732,
    "val_stress_mae": 4.015932454110351
}