{
    "mean": 1.5655898445850043,
    "std": 1.0496239817100053,
    "max": 12.281547380987533,
    "min": 0.0067675050810100425
}