{
    "density": 939.3767537051928,
    "std": 63.61742932171865
}