{
    "mean": -47626.09486009557,
    "std": 5.261133456577465,
    "max": -47620.11041235,
    "min": -47642.633357234
}