{
    "mean": -47625.23838669465,
    "std": 4.838660837854822,
    "max": -47617.044238228,
    "min": -47643.980988472
}