{
    "rmse": 0.0005620121261700394,
    "mse": 3.158576299621684e-07,
    "mae": 0.0004603202008931595,
    "max": 0.0014155548445565682,
    "lp4": 4.301745391095034e-06,
    "rrmse": 0.15877155853416433
}