{
    "rmse": 73.81536173792772,
    "mse": 5448.707628501123,
    "mae": 73.81295142061077,
    "max": 76.01764546748018,
    "lp4": 2.334399521100696,
    "rrmse": 21.075480068527966
}