{
    "rmse": 198.39738983735083,
    "mse": 39361.52429427375,
    "mae": 169.96798093017415,
    "max": 516.0682917675149,
    "lp4": 0.10204234522564212,
    "rrmse": 0.1682213968449302
}