{
    "rmse": 0.011718673008559902,
    "mse": 0.00013732729708155038,
    "mae": 0.011718443838916359,
    "max": 0.011998082908332559,
    "lp4": 0.00037059151342767383,
    "rrmse": 3.8380123018186625
}