{
    "rmse": 0.006789081184064034,
    "mse": 4.60916233238123e-05,
    "mae": 0.00421510463622689,
    "max": 0.013172692877660585,
    "lp4": 5.4378468318910283e-05,
    "rrmse": 0.966581779446257
}