{
    "epoch": 2047.0,
    "epoch_time": 2.056213617324829,
    "train_energy_mae": 0.7158204365187312,
    "train_forces_mae": 0.0496621915705837,
    "train_loss": 0.0993640032468197,
    "train_stress_mae": 4.141408112523653,
    "val_energy_mae": 0.9261467711165,
    "val_forces_mae": 0.059121737316138,
    "val_loss": 0.1917476226620811,
    "val_stress_mae": 4.484106868362327
}