{
    "epoch": 2047.0,
    "epoch_time": 1.245134353637695,
    "train_energy_mae": 0.363501670364955,
    "train_forces_mae": 0.0396512192663735,
    "train_loss": 0.0470859414184973,
    "train_stress_mae": 4.943042190975524,
    "val_energy_mae": 0.5671547843699888,
    "val_forces_mae": 0.0410727212888463,
    "val_loss": 0.1103394123675312,
    "val_stress_mae": 4.28207206436352
}