{
    "density": 1031.398134980913,
    "std": 41.42547610602163
}