{
    "density": 1003.7978675871967,
    "std": 44.965872096056216
}