{
    "mean": -47626.63367809661,
    "std": 5.311747556920824,
    "max": -47620.11041235,
    "min": -47642.633357234
}