{
    "rmse": 0.0001899294503147388,
    "mse": 3.607319609685883e-08,
    "mae": 0.0001495503730297353,
    "max": 0.0007913721237364016,
    "lp4": 4.637935241141972e-07,
    "rrmse": 0.052132334006898505
}