{
    "rmse": 0.5742146785420847,
    "mse": 0.32972249705318973,
    "mae": 0.4702792799337767,
    "max": 1.672679426643299,
    "lp4": 0.006852425822496073,
    "rrmse": 0.18009123675042515
}