{
    "rmse": 92.37064774410891,
    "mse": 8532.336564666251,
    "mae": 55.108539211128154,
    "max": 639.9100171467198,
    "lp4": 0.02177378965411891,
    "rrmse": 0.07842491835887148
}