{
    "rmse": 0.004138065521325666,
    "mse": 1.7123586258784254e-05,
    "mae": 0.004135412238162372,
    "max": 0.00463194867750796,
    "lp4": 3.918567765989499e-05,
    "rrmse": 1.225145009615253
}