{
    "rmse": 0.002396650846985909,
    "mse": 5.743935282358276e-06,
    "mae": 0.001474200037000689,
    "max": 0.005017189064091674,
    "lp4": 5.750765779128925e-06,
    "rrmse": 0.3265100208457605
}