{
    "rmse": 0.00017989642153197754,
    "mse": 3.236272248001095e-08,
    "mae": 0.00014160133379761942,
    "max": 0.0007587812657638745,
    "lp4": 4.391052551638427e-07,
    "rrmse": 0.049378441934147387
}