{
    "rmse": 0.6626862335710048,
    "mse": 0.4391530441645243,
    "mae": 0.5507108543984359,
    "max": 1.717026563710533,
    "lp4": 0.007703118332519407,
    "rrmse": 0.20783861479176127
}