{
    "rmse": 91.53886598958508,
    "mse": 8379.363986659215,
    "mae": 53.99790864947662,
    "max": 613.365887915148,
    "lp4": 0.021709217613774656,
    "rrmse": 0.07771871549265752
}