{
    "rmse": 0.003541220997236175,
    "mse": 1.2540246151266369e-05,
    "mae": 0.003538399524976173,
    "max": 0.00401328480340668,
    "lp4": 3.3544265613162943e-05,
    "rrmse": 1.0484389892692587
}