{
    "rmse": 0.0020524241211070716,
    "mse": 4.212444772902135e-06,
    "mae": 0.0012705325797029135,
    "max": 0.004248576004708137,
    "lp4": 4.926533331964021e-06,
    "rrmse": 0.2796139635482546
}