{
    "mean": 1.5890737220537847,
    "std": 1.064154078031028,
    "max": 12.281547380987533,
    "min": 0.0067675050810100425
}