{
    "epoch": 2047.0,
    "epoch_time": 1.293893337249756,
    "train_energy_mae": 0.2210889951722379,
    "train_forces_mae": 0.0355553212469552,
    "train_loss": 0.0374519637843043,
    "train_stress_mae": 4.87282699061778,
    "val_energy_mae": 0.4042228285293108,
    "val_forces_mae": 0.03962790812288,
    "val_loss": 0.1073381139647765,
    "val_stress_mae": 4.172419515607471
}