{
    "epoch": 2047.0,
    "epoch_time": 2.226170778274536,
    "train_energy_mae": 0.4221257195871156,
    "train_forces_mae": 0.0435131147296101,
    "train_loss": 0.0719596492226359,
    "train_stress_mae": 3.833552822996604,
    "val_energy_mae": 0.5380406517173729,
    "val_forces_mae": 0.0650369826780406,
    "val_loss": 0.2474235874255653,
    "val_stress_mae": 3.8335267775230695
}