{
    "mean": -47624.53978713006,
    "std": 4.222845381714787,
    "max": -47619.997739662,
    "min": -47643.980988472
}