{
    "mean": -47624.7340624306,
    "std": 4.38528606720694,
    "max": -47620.11041235,
    "min": -47642.633357234
}