{
    "mean": 1.481446002193202,
    "std": 1.041760431776989,
    "max": 13.195606769145076,
    "min": 0.0043402760994272
}