{
    "epoch": 2047.0,
    "epoch_time": 1.1387765407562256,
    "train_energy_mae": 0.3720229428773354,
    "train_forces_mae": 0.0397854351745111,
    "train_loss": 0.0487673836450824,
    "train_stress_mae": 5.200477836269929,
    "val_energy_mae": 0.5841204767386723,
    "val_forces_mae": 0.0407692813360666,
    "val_loss": 0.1316413888616919,
    "val_stress_mae": 4.27440445988958
}