{
    "epoch": 499.0,
    "epoch_time": 1.075389385223389,
    "train_energy_mae": 0.1761121347904514,
    "train_forces_mae": 0.0724691253128891,
    "train_loss": 0.1501974895216169,
    "train_stress_mae": 9.773399129338609,
    "val_energy_mae": 0.1712948158244398,
    "val_forces_mae": 0.0735125135789945,
    "val_loss": 0.1546155242598038,
    "val_stress_mae": 9.076997677396689
}