{
    "epoch": 2047.0,
    "epoch_time": 0.7360365390777588,
    "train_energy_mae": 1.0639845197265458,
    "train_forces_mae": 0.0481625221690385,
    "train_loss": 0.0910278547747531,
    "train_stress_mae": 5.0507749077895285,
    "val_energy_mae": 1.0003295580825815,
    "val_forces_mae": 0.0567065235074358,
    "val_loss": 1.1385967913538726,
    "val_stress_mae": 4.605404236521391
}