{
    "epoch": 2047.0,
    "epoch_time": 0.5976054668426514,
    "train_energy_mae": 5.810625178419286,
    "train_forces_mae": 0.1103436203973403,
    "train_loss": 0.3554342199033506,
    "train_stress_mae": 12.893701343964784,
    "val_energy_mae": 2.3792036362506424,
    "val_forces_mae": 0.0784204239676863,
    "val_loss": 1.216893379818171,
    "val_stress_mae": 6.450563323823082
}