{
    "epoch": 2047.0,
    "epoch_time": 6.945019483566284,
    "train_energy_mae": 0.0951497032650149,
    "train_forces_mae": 0.0464962596795513,
    "train_loss": 0.0898386864134066,
    "train_stress_mae": 7.053403671852139,
    "val_energy_mae": 0.1016142267905524,
    "val_forces_mae": 0.0484783514304222,
    "val_loss": 0.0957136155176872,
    "val_stress_mae": 7.095734347873922
}