{
    "epoch": 499.0,
    "epoch_time": 3.151315689086914,
    "train_energy_mae": 0.1414787480535162,
    "train_forces_mae": 0.0585361883031534,
    "train_loss": 0.1146563793914838,
    "train_stress_mae": 9.455452819737555,
    "val_energy_mae": 0.1277946948875614,
    "val_forces_mae": 0.0587852760091534,
    "val_loss": 0.1155186171292004,
    "val_stress_mae": 8.699803945996049
}