{
    "epoch": 2047.0,
    "epoch_time": 0.5811169147491455,
    "train_energy_mae": 2.3743392918563586,
    "train_forces_mae": 0.039234471222808,
    "train_loss": 0.0463998613900741,
    "train_stress_mae": 5.798653655958948,
    "val_energy_mae": 3.109062641133792,
    "val_forces_mae": 0.0670271188091631,
    "val_loss": 1.4631581832434686,
    "val_stress_mae": 5.247572999384158
}