{
    "rmse": 0.00035126101741177115,
    "mse": 1.233843023531526e-07,
    "mae": 0.00024761356079742503,
    "max": 0.002180505190228164,
    "lp4": 2.191666620152286e-06,
    "rrmse": 0.248286426863384
}