{
    "rmse": 0.0003177240904321374,
    "mse": 1.0094859764092902e-07,
    "mae": 0.0001939801339274692,
    "max": 0.003282922877371237,
    "lp4": 2.0372014643566745e-06,
    "rrmse": 0.21414249724175047
}