{
    "rmse": 0.00035546296712441145,
    "mse": 1.263539209968904e-07,
    "mae": 0.00019890686530842024,
    "max": 0.004172946009703488,
    "lp4": 2.8457116250096874e-06,
    "rrmse": 0.24290055173024516
}