{
    "rmse": 0.0003274200738234227,
    "mse": 1.0720390474253559e-07,
    "mae": 0.00025087765292124256,
    "max": 0.002006256473262087,
    "lp4": 1.8451158248907559e-06,
    "rrmse": 0.2314346203628538
}