{
    "rmse": 3.1631679615280164,
    "mse": 10.005631552837306,
    "mae": 1.7319791174346408,
    "max": 20.385576333093923,
    "lp4": 0.11190174648828477,
    "rrmse": 0.15384607801831326
}