{
    "rmse": 4.439862805740497,
    "mse": 19.71238173379788,
    "mae": 2.831741570184628,
    "max": 18.137743186583975,
    "lp4": 0.1311264145932887,
    "rrmse": 0.20773321055051824
}