{
    "rmse": 3.1477036423226052,
    "mse": 9.908038219890996,
    "mae": 2.512121687128869,
    "max": 12.96977951368899,
    "lp4": 0.0736096517496961,
    "rrmse": 0.15682517224042294
}