{
    "rmse": 2.830686075708487,
    "mse": 8.012783659209916,
    "mae": 1.583387249112749,
    "max": 15.384601809171727,
    "lp4": 0.09421356696099414,
    "rrmse": 0.13244272003343985
}