{
    "rmse": 71.76137109482448,
    "mse": 5149.69438140911,
    "mae": 36.94426483134316,
    "max": 3469.984958019556,
    "lp4": 0.0790561411964463,
    "rrmse": 0.1375011641971492
}