{
    "rmse": 90.74273147283068,
    "mse": 8234.243315150257,
    "mae": 40.4281984069272,
    "max": 4102.4512423127035,
    "lp4": 0.10007933196298519,
    "rrmse": 0.16177606363123526
}