{
    "rmse": 68.07682920950906,
    "mse": 4634.454675220666,
    "mae": 35.45256280179935,
    "max": 3998.280322107715,
    "lp4": 0.08031804634481061,
    "rrmse": 0.1304412545126676
}