{
    "rmse": 87.45340620790402,
    "mse": 7648.098257364665,
    "mae": 46.20314958087446,
    "max": 3292.237353560214,
    "lp4": 0.07862344903875204,
    "rrmse": 0.14467934670186341
}