{
    "rmse": 0.0026477481762014884,
    "mse": 7.010570404578308e-06,
    "mae": 0.002568164822226072,
    "max": 0.006660162552586255,
    "lp4": 4.819604972917337e-05,
    "rrmse": 0.5215282288620182
}