{
    "rmse": 0.002481140280040104,
    "mse": 6.156057089237487e-06,
    "mae": 0.0023801760327303596,
    "max": 0.007486566125627547,
    "lp4": 4.3196473612720024e-05,
    "rrmse": 0.44271274022588886
}