{
    "rmse": 0.003693386122060354,
    "mse": 1.364110104662802e-05,
    "mae": 0.0036223648830935483,
    "max": 0.009489377376983226,
    "lp4": 7.37502370594092e-05,
    "rrmse": 0.7083048243500719
}