{
    "rmse": 0.002014514929086435,
    "mse": 4.058270399512124e-06,
    "mae": 0.0018425236644231365,
    "max": 0.00864378183537523,
    "lp4": 5.1145077992694e-05,
    "rrmse": 0.38633670995687136
}