{
    "rmse": 0.002161114986427722,
    "mse": 4.670417984562493e-06,
    "mae": 0.0013757706657671028,
    "max": 0.011102411348224137,
    "lp4": 1.100372863510065e-05,
    "rrmse": 0.3797220314361395
}