{
    "rmse": 0.0015694619213357784,
    "mse": 2.463210722522993e-06,
    "mae": 0.0009858145870204733,
    "max": 0.007661860846330257,
    "lp4": 7.227936823757306e-06,
    "rrmse": 0.28364988203096825
}