{
    "rmse": 0.0014672994334445706,
    "mse": 2.1529676273867577e-06,
    "mae": 0.0009228304446473448,
    "max": 0.008428155132878238,
    "lp4": 6.433744344699013e-06,
    "rrmse": 0.27413950707447265
}