{
    "rmse": 0.0012082883366895131,
    "mse": 1.4599607045799103e-06,
    "mae": 0.0007643942642583839,
    "max": 0.009705662041332108,
    "lp4": 7.682473674494556e-06,
    "rrmse": 0.21230415995899668
}