{
    "rmse": 0.0037814364859110215,
    "mse": 1.4299261896979096e-05,
    "mae": 0.0026258002299600577,
    "max": 0.022821761042619935,
    "lp4": 1.636047213982447e-05,
    "rrmse": 1.4332320768867257
}