{
    "rmse": 0.0001433632876742345,
    "mse": 2.055303225276532e-08,
    "mae": 0.000108539700892299,
    "max": 0.0005809393887360771,
    "lp4": 5.6925010003702e-07,
    "rrmse": 0.054337250753307274
}