{
    "rmse": 2.43826746511354,
    "mse": 5.945148231431207,
    "mae": 1.8476957027312892,
    "max": 4.870261710399063,
    "lp4": 0.04495857387151737,
    "rrmse": 0.14706848327875272
}