{
    "rmse": 8.109785218111012,
    "mse": 65.76861628389187,
    "mae": 7.645091916628319,
    "max": 11.245827799546532,
    "lp4": 0.1272204026365948,
    "rrmse": 0.4891562672303043
}