{
    "rmse": 88.90217475856073,
    "mse": 7903.596676801674,
    "mae": 50.79313284870546,
    "max": 936.8061357711358,
    "lp4": 0.033281777098780205,
    "rrmse": 0.08696780971274219
}