{
    "rmse": 88.62395352922586,
    "mse": 7854.205139150386,
    "mae": 50.05099172236417,
    "max": 668.30219573656,
    "lp4": 0.03333438372316161,
    "rrmse": 0.08669564211958092
}