{
    "rmse": 0.0012260585451590157,
    "mse": 1.5032195561574423e-06,
    "mae": 0.0011073618220001373,
    "max": 0.0018894251145553966,
    "lp4": 1.984625814624385e-05,
    "rrmse": 0.09631394534358707
}