{
    "rmse": 0.005904286058685271,
    "mse": 3.486059386278525e-05,
    "mae": 0.004974799642268846,
    "max": 0.014631841474139253,
    "lp4": 0.00010607002051246978,
    "rrmse": 0.46381560407081734
}