{
    "rmse": 0.0007222369539414191,
    "mse": 5.216262176385795e-07,
    "mae": 0.0004361909776807074,
    "max": 0.0024268598523759233,
    "lp4": 2.9713363260546545e-06,
    "rrmse": 0.0851399572375242
}