{
    "rmse": 0.005091115776648656,
    "mse": 2.5919459851240847e-05,
    "mae": 0.003664121747501197,
    "max": 0.022821761042619935,
    "lp4": 2.0756281528878673e-05,
    "rrmse": 0.600159514338987
}