{
    "rmse": 0.00019457817905776272,
    "mse": 3.786066776543477e-08,
    "mae": 0.000153706277574193,
    "max": 0.0007378225338010164,
    "lp4": 4.738581112770871e-07,
    "rrmse": 0.05340832927323128
}