{
    "rmse": 0.00016602609378272025,
    "mse": 2.7564663816748622e-08,
    "mae": 0.0001319439108566143,
    "max": 0.000693243162560751,
    "lp4": 2.577990823862962e-07,
    "rrmse": 0.04718955448134281
}