{
    "rmse": 0.0001374930507610852,
    "mse": 1.8904339007590352e-08,
    "mae": 0.00010796355178810064,
    "max": 0.001165651874432712,
    "lp4": 2.2612401793791066e-07,
    "rrmse": 0.03850023945073306
}