{
    "rmse": 1.1864400664827213,
    "mse": 1.4076400313555242,
    "mae": 0.5580419572535147,
    "max": 32.110435695241904,
    "lp4": 0.032080661458015886,
    "rrmse": 0.34189199158826383
}