{
    "rmse": 0.6201030626481933,
    "mse": 0.38452780830566907,
    "mae": 0.5100156327635632,
    "max": 1.850692961452296,
    "lp4": 0.00735888266596024,
    "rrmse": 0.19448323360276956
}