{
    "rmse": 0.5239615079236878,
    "mse": 0.2745356617856647,
    "mae": 0.4178301782515727,
    "max": 1.6621017676661722,
    "lp4": 0.004218925146482428,
    "rrmse": 0.1609624281468453
}