{
    "rmse": 89.92963551277298,
    "mse": 8087.339343460199,
    "mae": 51.67477137323876,
    "max": 669.8096464177816,
    "lp4": 0.014002972352543552,
    "rrmse": 0.07627634190419422
}