{
    "rmse": 87.12421221793066,
    "mse": 7590.628354595018,
    "mae": 45.61918620789194,
    "max": 4061.850332846203,
    "lp4": 0.015942914325535556,
    "rrmse": 0.07404517773399805
}