{
    "rmse": 93.54316145908685,
    "mse": 8750.323055760791,
    "mae": 56.64456996698844,
    "max": 618.1775994846726,
    "lp4": 0.02183670876966907,
    "rrmse": 0.07942041091649152
}