{
    "rmse": 0.0034541988669724863,
    "mse": 1.1931489812594008e-05,
    "mae": 0.0034510417856129885,
    "max": 0.0038339094666860734,
    "lp4": 3.272724750935746e-05,
    "rrmse": 1.0226746005544827
}