{
    "rmse": 0.00282564920296451,
    "mse": 7.984293418213971e-06,
    "mae": 0.002821816825377945,
    "max": 0.003303567429148461,
    "lp4": 1.59142638311894e-05,
    "rrmse": 0.8562202079746465
}