{
    "rmse": 0.0030900931979412753,
    "mse": 9.548675971962937e-06,
    "mae": 0.003086991255048957,
    "max": 0.0035282140818504327,
    "lp4": 1.8874949394552164e-05,
    "rrmse": 0.8892402673372246
}