{
    "rmse": 0.0017917747220203384,
    "mse": 3.210456654471061e-06,
    "mae": 0.001113390082836524,
    "max": 0.004036145054529936,
    "lp4": 2.773880056637642e-06,
    "rrmse": 0.24908736209956842
}