{
    "rmse": 0.0016371730141961928,
    "mse": 2.6803354784122473e-06,
    "mae": 0.0010087139144236276,
    "max": 0.0035914893572311086,
    "lp4": 2.3368170885499073e-06,
    "rrmse": 0.22687164780229985
}