{
    "rmse": 0.0020037524644102383,
    "mse": 4.0150239386301035e-06,
    "mae": 0.0012483156946747817,
    "max": 0.0042599999082670904,
    "lp4": 4.811797408616723e-06,
    "rrmse": 0.27298313383742434
}