{
    "mean": 1.795609987597323,
    "std": 1.1613357383047345,
    "max": 12.347737030400081,
    "min": 0.013187679230489328
}