{
    "mean": 1.804715031270546,
    "std": 1.1671533121583477,
    "max": 12.281547380987533,
    "min": 0.024539178765386433
}