{
    "rmse": 40.31313867737995,
    "mse": 1625.1491500216675,
    "mae": 12.934982077012412,
    "max": 466.7111353861082,
    "lp4": 0.023960867474325454,
    "rrmse": 0.9194401443820017
}