{
    "rmse": 36.30744556028181,
    "mse": 1318.2306031128276,
    "mae": 13.284058895221014,
    "max": 292.1728165448017,
    "lp4": 0.01972766663877951,
    "rrmse": 0.8946380792003913
}