{
    "rmse": 66.34410145023908,
    "mse": 4401.539797239616,
    "mae": 39.55690929782943,
    "max": 546.4976014748921,
    "lp4": 0.032337050450402804,
    "rrmse": 0.0634501684133916
}