{
    "all": {
        "vib": 5.443522769693104e-07,
        "rot": 0.0001395651066539697,
        "trans": 0.00021984413853527645
    },
    "trans": {
        "vib": 7.815293493061864e-07,
        "rot": 0.00013603239418314437,
        "trans": 0.0006201434493597291
    },
    "rot": {
        "vib": 8.869028332106003e-07,
        "rot": 0.00035896173682312794,
        "trans": 0.00019989590426962796
    },
    "vib": {
        "vib": 9.829205738440793e-07,
        "rot": 0.0001354665165227959,
        "trans": 0.00021681729238099586
    }
}