{
    "epoch": 1999.0,
    "epoch_time": 7.114392757415772,
    "train_energy_mae": 0.6224273932498116,
    "train_forces_mae": 0.0380490645895768,
    "train_loss": 0.0415564457732098,
    "train_stress_mae": 5.459720004479551,
    "val_energy_mae": 1.033269790248596,
    "val_forces_mae": 0.0660346072582483,
    "val_loss": 0.1895471306974352,
    "val_stress_mae": 6.968542430658523
}